experiment	pair_id	seed	condition	expected_mutation	simulation_mutation	classification	hap1_repeat_count	hap2_repeat_count	total_repeat_count	hap1_vntr_length_bp	hap2_vntr_length_bp	mutated_haplotype	mutated_allele_repeat_count	mutation_position	mutation_repeat_type	avg_gc_content	vntyper_call	vntyper_confidence	vntyper_depth_score	vntyper_haplo_count	vntyper_frame_score	vntyper_is_frameshift	vntyper_flag	vntyper_motif	vntyper_alt_depth	vntyper_region_depth	vntr_coverage_mean	vntr_coverage_median	vntr_coverage_stdev	vntr_coverage_min	vntr_coverage_max	vntr_percent_uncovered	vntyper_runtime_seconds
dupC	pair_3000	3000	normal	none	normal	TN	44	41	85	2640	2460					59.59607421438663		Negative									353.33	188.0	399.08	1.0	1874.0	20.2	3.545901
dupC	pair_3000	3000	mutated	dupC	dupC	TP	44	41	85	2640	2461	2.0	41.0	24.0	X	59.596975747361384	Insertion	High_Precision*	0.0221373778416056	371.0	0.3333333333333333	True	Not flagged	B	632.0	28549.0	347.98	189.0	396.12	1.0	1901.0	18.84	2.946029
dupC	pair_3001	3001	normal	none	normal	TN	52	88	140	3120	5280					61.007203747098245		Negative									365.33	187.0	480.32	1.0	2644.0	19.55	3.438317
dupC	pair_3001	3001	mutated	dupC	dupC	TP	52	88	140	3120	5281	2.0	88.0	38.0	X	61.00795706774881	Insertion	High_Precision*	0.0157897470524074	390.0	0.3333333333333333	True	Not flagged	K	304.0	19253.0	360.14	190.0	460.97	1.0	2510.0	18.42	3.641598
dupC	pair_3002	3002	normal	none	normal	TN	72	96	168	4320	5760					61.77268919581563		Negative									372.82	116.0	565.1	1.0	2440.0	19.95	3.201163
dupC	pair_3002	3002	mutated	dupC	dupC	FN	72	96	168	4320	5761	2.0	96.0	76.0	X	61.77342005408012		Negative									377.91	134.0	562.43	1.0	2500.0	20.46	2.859241
dupC	pair_3003	3003	normal	none	normal	TN	44	25	69	2640	1500					59.09703755444161		Negative									327.76	223.0	330.06	1.0	1681.0	15.35	3.365118
dupC	pair_3003	3003	mutated	dupC	dupC	TP	44	25	69	2641	1500	1.0	44.0	39.0	X	59.09792812586345	Insertion	High_Precision*	0.03499930967831	386.0	0.3333333333333333	True	Not flagged	K	507.0	14486.0	318.98	220.0	295.9	1.0	1415.0	16.64	3.766578
dupC	pair_3004	3004	normal	none	normal	TN	41	60	101	2460	3600					60.02418801032344		Negative									354.33	150.0	533.57	1.0	2986.0	16.91	2.879535
dupC	pair_3004	3004	mutated	dupC	dupC	TP	41	60	101	2460	3601	2.0	60.0	9.0	X	60.02502403134811	Insertion	High_Precision*	0.0302880192484608	386.0	0.3333333333333333	True	Not flagged	W	428.0	14131.0	360.6	137.5	541.74	1.0	2953.0	18.11	3.830963
dupC	pair_3005	3005	normal	none	normal	TN	53	76	129	3180	4560					60.797149766871925		Negative									371.39	123.0	691.74	1.0	3737.0	19.53	3.2232
dupC	pair_3005	3005	mutated	dupC	dupC	TP	53	76	129	3180	4561	2.0	76.0	20.0	X	60.79793538645606	Insertion	High_Precision*	0.0333713338169758	347.0	0.3333333333333333	True	Not flagged	K	644.0	19298.0	354.67	126.5	634.57	1.0	3281.0	18.91	3.706911
dupC	pair_3006	3006	normal	none	normal	TN	48	80	128	2880	4800					60.75283385968869		Negative									353.48	150.0	527.46	1.0	2934.0	17.49	3.39254
dupC	pair_3006	3006	mutated	dupC	dupC	TP	48	80	128	2880	4801	2.0	80.0	69.0	X	60.75360824963916	Insertion	High_Precision*	0.0127044107107954	380.0	0.3333333333333333	True	Not flagged	H	195.0	15349.0	361.94	149.5	538.69	1.0	2969.0	18.91	3.231942
dupC	pair_3007	3007	normal	none	normal	TN	46	36	82	2760	2160					59.50634624047509		Negative									365.17	172.0	552.1	1.0	3268.0	19.71	2.828948
dupC	pair_3007	3007	mutated	dupC	dupC	TP	46	36	82	2761	2160	1.0	46.0	37.0	X	59.50722937629871	Insertion	High_Precision*	0.0469597487867542	345.0	0.3333333333333333	True	Not flagged	K	987.0	21018.0	365.11	187.0	530.43	1.0	3163.0	19.35	2.974866
dupC	pair_3008	3008	normal	none	normal	TN	59	65	124	3540	3900					60.677543431815515		Negative									376.11	123.0	607.54	1.0	3030.0	21.4	3.031261
dupC	pair_3008	3008	mutated	dupC	dupC	TP	59	65	124	3540	3901	2.0	65.0	27.0	X	60.67836271092342	Insertion	High_Precision*	0.0143618596387326	382.0	0.3333333333333333	True	Not flagged	K	291.0	20262.0	333.26	104.0	563.19	1.0	2770.0	14.13	3.692645
dupC	pair_3009	3009	normal	none	normal	TN	35	65	100	2100	3900					59.98645373823814		Negative									362.79	197.0	422.91	1.0	2246.0	20.86	2.453313
dupC	pair_3009	3009	mutated	dupC	dupC	TP	35	65	100	2100	3901	2.0	65.0	43.0	X	59.98727310487587	Insertion	High_Precision*	0.0134319348022939	379.0	0.3333333333333333	True	Not flagged	K	267.0	19878.0	316.52	174.0	397.49	1.0	2210.0	12.4	3.744785
dupC	pair_3010	3010	normal	none	normal	TN	38	32	70	2280	1920					59.143412801897554		Negative									365.67	148.0	612.9	1.0	3646.0	20.57	2.583267
dupC	pair_3010	3010	mutated	dupC	dupC	TP	38	32	70	2280	1921	2.0	32.0	9.0	X	59.14434858174003	Insertion	High_Precision*	0.0390365448504983	357.0	0.3333333333333333	True	Not flagged	W	517.0	13244.0	332.68	133.0	594.09	0.0	3558.0	15.97	3.181977
dupC	pair_3011	3011	normal	none	normal	TN	60	98	158	3600	5880					61.47207450292092		Negative									376.92	123.0	651.95	1.0	3393.0	21.11	3.43688
dupC	pair_3011	3011	mutated	dupC	dupC	TP	60	98	158	3600	5881	2.0	98.0	52.0	X	61.472801361380874	Insertion	High_Precision*	0.0108538350217076	383.0	0.3333333333333333	True	Not flagged	K	270.0	24876.0	379.3	113.0	667.11	1.0	3490.0	21.51	3.596006
dupC	pair_3012	3012	normal	none	normal	TN	55	108	163	3300	6480					61.586033025167595		Negative									370.88	127.0	618.33	1.0	3224.0	19.88	3.578524
dupC	pair_3012	3012	mutated	dupC	dupC	TP	55	108	163	3300	6481	2.0	108.0	90.0	X	61.58673430606088	Insertion	High_Precision*	0.0058216459380788	380.0	0.3333333333333333	True	Not flagged	K	132.0	22674.0	370.6	116.0	622.6	1.0	3218.0	19.62	3.562714
dupC	pair_3013	3013	normal	none	normal	TN	39	69	108	2340	4140					60.21085409714594		Negative									370.49	152.0	510.28	1.0	2670.0	21.64	2.99039
dupC	pair_3013	3013	mutated	dupC	dupC	TP	39	69	108	2340	4141	2.0	69.0	47.0	X	60.21166094212912	Insertion	High_Precision*	0.0096453479744769	377.0	0.3333333333333333	True	Not flagged	H	130.0	13478.0	363.83	148.0	498.71	1.0	2562.0	20.53	3.625306
dupC	pair_3014	3014	normal	none	normal	TN	87	82	169	5220	4920					61.79826356314831		Negative									373.54	112.0	678.89	1.0	3756.0	19.71	3.425597
dupC	pair_3014	3014	mutated	dupC	dupC	FN	87	82	169	5220	4921	2.0	82.0	66.0	X	61.79903236495366		Negative									370.9	121.0	671.1	1.0	3721.0	19.2	3.115495
dupC	pair_3015	3015	normal	none	normal	TN	53	99	152	3180	5940					61.302182044846305		Negative									363.61	163.0	553.07	0.0	3206.0	18.8	2.844322
dupC	pair_3015	3015	mutated	dupC	dupC	TP	53	99	152	3180	5941	2.0	99.0	31.0	X	61.30290532185617	Insertion	High_Precision*	0.0187823017773856	388.0	0.3333333333333333	True	Not flagged	D	298.0	15866.0	365.73	161.0	560.76	1.0	3238.0	18.75	3.203628
dupC	pair_3016	3016	normal	none	normal	TN	51	38	89	3060	2280					59.69829505730893		Negative									343.31	128.0	593.89	1.0	3483.0	14.93	3.5338
dupC	pair_3016	3016	mutated	dupC	dupC	TP	51	38	89	3061	2280	1.0	51.0	10.0	X	59.69916110009383	Insertion	High_Precision*	0.0196712654300613	391.0	0.3333333333333333	True	Not flagged	D	298.0	15149.0	357.56	140.0	592.04	1.0	3442.0	17.57	3.416727
dupC	pair_3017	3017	normal	none	normal	TN	55	52	107	3300	3120					60.219418744523814		Negative									348.3	158.0	479.64	1.0	2458.0	16.46	3.610358
dupC	pair_3017	3017	mutated	dupC	dupC	TP	55	52	107	3300	3121	2.0	52.0	34.0	X	60.22028076588309	Insertion	High_Precision*	0.0232363990538472	359.0	0.3333333333333333	True	Not flagged	D	334.0	14374.0	367.98	172.5	494.78	1.0	2534.0	19.88	3.39045
dupC	pair_3018	3018	normal	none	normal	TN	40	69	109	2400	4140					60.23720632619245		Negative									362.1	170.0	479.73	1.0	2407.0	19.68	3.532771
dupC	pair_3018	3018	mutated	dupC	dupC	TP	40	69	109	2400	4141	2.0	69.0	60.0	X	60.238013685964006	Insertion	High_Precision*	0.0194953698496607	384.0	0.3333333333333333	True	Not flagged	K	520.0	26673.0	354.02	173.0	483.78	0.0	2461.0	17.44	3.153559
dupC	pair_3019	3019	normal	none	normal	TN	31	98	129	1860	5880					60.66276756258387		Negative									368.94	178.0	527.08	1.0	2987.0	20.51	2.908338
dupC	pair_3019	3019	mutated	dupC	dupC	TP	31	98	129	1861	5880	1.0	31.0	12.0	X	60.66370744001708	Insertion	High_Precision*	0.0392347150977401	347.0	0.3333333333333333	True	Not flagged	K	849.0	21639.0	366.68	175.0	559.29	1.0	3224.0	20.26	2.916937
dupC	pair_3020	3020	normal	none	normal	TN	32	72	104	1920	4320					60.08231187572032		Negative									363.71	144.0	628.67	1.0	3704.0	19.8	2.684098
dupC	pair_3020	3020	mutated	dupC	dupC	TP	32	72	104	1920	4321	2.0	72.0	65.0	X	60.08310944223204	Insertion	High_Precision*	0.0130694548170276	333.0	0.3333333333333333	True	Not flagged	C	175.0	13390.0	358.18	131.0	639.9	1.0	3711.0	19.37	3.730385
dupC	pair_3021	3021	normal	none	normal	TN	23	62	85	1380	3720					59.54377899630393		Negative									361.46	165.0	478.56	1.0	2496.0	19.73	3.354683
dupC	pair_3021	3021	mutated	dupC	dupC	TP	23	62	85	1380	3721	2.0	62.0	42.0	X	59.544607646364824	Insertion	High_Precision*	0.029389441727104	344.0	0.3333333333333333	True	Not flagged	K	697.0	23716.0	363.44	178.0	468.22	1.0	2498.0	21.28	3.188252
dupC	pair_3022	3022	normal	none	normal	TN	75	28	103	4500	1680					60.02363129753746		Negative									356.23	163.0	503.81	1.0	2834.0	19.42	2.889066
dupC	pair_3022	3022	mutated	dupC	dupC	TP	75	28	103	4501	1680	1.0	75.0	16.0	X	60.024420269915936	Insertion	High_Precision*	0.028882695718267	381.0	0.3333333333333333	True	Not flagged	B	570.0	19735.0	320.63	148.5	476.85	1.0	2644.0	11.98	3.644182
dupC	pair_3023	3023	normal	none	normal	TN	34	46	80	2040	2760					59.44075957119026		Negative									334.94	201.0	373.61	1.0	1811.0	16.09	3.619269
dupC	pair_3023	3023	mutated	dupC	dupC	TP	34	46	80	2041	2760	1.0	34.0	14.0	X	59.44168765925844	Insertion	High_Precision*	0.0422441301138257	380.0	0.3333333333333333	True	Not flagged	W	887.0	20997.0	346.49	210.0	369.27	1.0	1839.0	18.53	2.952883
dupC	pair_3024	3024	normal	none	normal	TN	68	70	138	4080	4200					61.033462837374046		Negative									346.07	139.0	587.23	0.0	3386.0	15.46	3.463224
dupC	pair_3024	3024	mutated	dupC	dupC	TP	68	70	138	4080	4201	2.0	70.0	15.0	X	61.03426713785886	Insertion	High_Precision*	0.0135129533678756	338.0	0.3333333333333333	True	Not flagged	K	326.0	24125.0	369.19	144.0	628.67	1.0	3669.0	18.75	3.069589
dupC	pair_3025	3025	normal	none	normal	TN	112	77	189	6720	4620					62.23651752141534		Negative									363.17	116.0	656.21	1.0	3768.0	18.15	3.497834
dupC	pair_3025	3025	mutated	dupC	dupC	TP	112	77	189	6720	4621	2.0	77.0	54.0	X	62.23730063632939	Insertion	High_Precision*	0.0076539910095978	388.0	0.3333333333333333	True	Not flagged	D	126.0	16462.0	377.94	119.0	657.1	1.0	3724.0	20.57	3.035746
dupC	pair_3026	3026	normal	none	normal	TN	46	65	111	2760	3900					60.31547308277754		Negative									369.13	128.0	557.95	1.0	2841.0	20.44	3.309561
dupC	pair_3026	3026	mutated	dupC	dupC	TP	46	65	111	2761	3900	1.0	46.0	8.0	X	60.31635602556601	Insertion	High_Precision*	0.0322441403720809	380.0	0.3333333333333333	True	Not flagged	W	747.0	23167.0	369.38	128.0	559.24	1.0	2899.0	20.8	2.940237
dupC	pair_3027	3027	normal	none	normal	TN	79	105	184	4740	6300					62.125761147877085		Negative									378.23	124.0	620.47	1.0	3209.0	20.48	2.919275
dupC	pair_3027	3027	mutated	dupC	dupC	TP	79	105	184	4741	6300	1.0	79.0	43.0	X	62.12653823651048	Insertion	High_Precision*	0.0168248490077653	383.0	0.3333333333333333	True	Not flagged	K	390.0	23180.0	374.67	128.0	598.22	1.0	3127.0	20.48	2.963157
dupC	pair_3028	3028	normal	none	normal	TN	39	25	64	2340	1500					58.94703837105203		Negative									329.12	212.0	361.56	1.0	1744.0	19.22	3.505171
dupC	pair_3028	3028	mutated	dupC	dupC	TP	39	25	64	2341	1500	1.0	39.0	30.0	X	58.94794751125004	Insertion	High_Precision*	0.0723462510530749	376.0	0.3333333333333333	True	Not flagged	M	1374.0	18992.0	329.1	199.0	356.66	0.0	1755.0	19.2	3.430335
dupC	pair_3029	3029	normal	none	normal	TN	57	75	132	3420	4500					60.85773192282891		Negative									366.4	159.0	540.84	1.0	3019.0	19.6	3.409322
dupC	pair_3029	3029	mutated	dupC	dupC	TP	57	75	132	3421	4500	1.0	57.0	31.0	X	60.858577379972104	Insertion	High_Precision*	0.0185395610310388	388.0	0.3333333333333333	True	Not flagged	W	310.0	16721.0	367.84	150.0	540.83	1.0	2996.0	19.26	3.399066
dupC	pair_3030	3030	normal	none	normal	TN	66	105	171	3960	6300					61.80552187740023		Negative									371.01	137.0	546.27	1.0	2765.0	19.82	3.279653
dupC	pair_3030	3030	mutated	dupC	dupC	TP	66	105	171	3960	6301	2.0	105.0	10.0	X	61.8062304771542	Insertion	High_Precision*	0.0057659400342236	381.0	0.3333333333333333	True	Not flagged	K	155.0	26882.0	374.51	137.0	553.67	1.0	2733.0	20.88	3.701937
dupC	pair_3031	3031	normal	none	normal	TN	40	38	78	2400	2280					59.37984499230572		Negative									347.96	130.0	603.87	1.0	3554.0	16.95	3.559584
dupC	pair_3031	3031	mutated	dupC	dupC	TP	40	38	78	2401	2280	1.0	40.0	23.0	X	59.38075006589937	Insertion	High_Precision*	0.0320892439057981	391.0	0.3333333333333333	True	Not flagged	K	699.0	21783.0	362.8	146.0	593.46	0.0	3470.0	19.55	3.175956
dupC	pair_3032	3032	normal	none	normal	TN	69	83	152	4140	4980					61.38878791517058		Negative									358.46	107.0	593.74	1.0	3169.0	17.91	3.774479
dupC	pair_3032	3032	mutated	dupC	dupC	TP	69	83	152	4140	4981	2.0	83.0	27.0	X	61.3895539897812	Insertion	High_Precision*	0.0291616038882138	384.0	0.3333333333333333	True	Not flagged	H	480.0	16460.0	370.7	109.0	621.42	1.0	3373.0	19.73	2.987099
dupC	pair_3033	3033	normal	none	normal	TN	71	25	96	4260	1500					59.82364884296095		Negative									349.73	141.0	581.95	1.0	3512.0	17.66	3.306992
dupC	pair_3033	3033	mutated	dupC	dupC	TP	71	25	96	4261	1500	1.0	71.0	20.0	X	59.82445018946093	Insertion	High_Precision*	0.0157030349596619	348.0	0.3333333333333333	True	Not flagged	K	327.0	20824.0	365.48	148.0	606.71	1.0	3667.0	21.08	2.903287
dupC	pair_3034	3034	normal	none	normal	TN	26	42	68	1560	2520					59.07750521490689		Negative									357.43	169.0	540.15	1.0	3328.0	20.75	3.32311
dupC	pair_3034	3034	mutated	dupC	dupC	TP	26	42	68	1561	2520	1.0	26.0	7.0	X	59.07846540646419	Insertion	High_Precision*	0.0764182895850973	345.0	0.3333333333333333	True	Not flagged	K	1444.0	18896.0	358.08	177.0	545.35	1.0	3445.0	19.97	2.864259
dupC	pair_3035	3035	normal	none	normal	TN	37	55	92	2220	3300					59.78976137957143		Negative									361.24	148.5	515.41	1.0	2655.0	19.84	3.820171
dupC	pair_3035	3035	mutated	dupC	dupC	TP	37	55	92	2220	3301	2.0	55.0	44.0	X	59.790612896747376	Insertion	High_Precision*	0.0197351337314983	372.0	0.3333333333333333	True	Not flagged	W	304.0	15404.0	368.27	145.0	520.76	1.0	2617.0	22.2	2.991258
dupC	pair_3036	3036	normal	none	normal	TN	86	78	164	5160	4680					61.68353977010665		Negative									371.75	119.0	695.89	1.0	4133.0	19.6	3.542534
dupC	pair_3036	3036	mutated	dupC	dupC	TP	86	78	164	5160	4681	2.0	78.0	40.0	X	61.68431990288289	Insertion	High_Precision*	0.0138388625592417	348.0	0.3333333333333333	True	Not flagged	K	292.0	21100.0	375.5	121.0	678.17	1.0	3999.0	20.6	3.51483
dupC	pair_3037	3037	normal	none	normal	TN	51	51	102	3060	3060					60.08889852558543		Negative									372.92	113.5	607.91	0.0	3296.0	20.11	2.885059
dupC	pair_3037	3037	mutated	dupC	dupC	TP	51	51	102	3061	3060	1.0	51.0	12.0	X	60.089763722166325	Insertion	High_Precision*	0.0276305013147118	377.0	0.3333333333333333	True	Not flagged	K	641.0	23199.0	380.59	131.0	615.7	1.0	3340.0	21.71	3.075956
dupC	pair_3038	3038	normal	none	normal	TN	80	85	165	4800	5100					61.70279366405346		Negative									366.96	130.0	571.43	1.0	2820.0	18.86	3.523599
dupC	pair_3038	3038	mutated	dupC	dupC	TP	80	85	165	4801	5100	1.0	80.0	55.0	X	61.703567810127176	Insertion	High_Precision*	0.005691191026064	359.0	0.3333333333333333	True	Not flagged	W	138.0	24248.0	374.03	126.0	572.91	1.0	2862.0	20.08	3.176243
dupC	pair_3039	3039	normal	none	normal	TN	122	78	200	7320	4680					62.464455721374144		Negative									367.33	122.0	584.41	1.0	3093.0	18.37	3.664888
dupC	pair_3039	3039	mutated	dupC	dupC	TP	122	78	200	7321	4680	1.0	122.0	89.0	X	62.46512499186542	Insertion	High_Precision*	0.0064809949203012	381.0	0.3333333333333333	True	Not flagged	K	148.0	22836.0	372.55	130.0	591.4	1.0	3127.0	19.91	3.163391
dupC	pair_3040	3040	normal	none	normal	TN	123	43	166	7380	2580					61.55066378709641		Negative									354.62	131.0	566.47	1.0	2818.0	17.53	3.602225
dupC	pair_3040	3040	mutated	dupC	dupC	TP	123	43	166	7381	2580	1.0	123.0	44.0	X	61.55133079454313	Insertion	High_Precision*	0.0335147697388538	383.0	0.3333333333333333	True	Not flagged	H	548.0	16351.0	359.29	138.0	557.49	1.0	2829.0	19.35	4.068216
dupC	pair_3041	3041	normal	none	normal	TN	66	61	127	3960	3660					60.76565514234065		Negative									392.31	107.0	680.83	0.0	3606.0	24.17	3.818428
dupC	pair_3041	3041	mutated	dupC	dupC	FN	66	61	127	3960	3661	2.0	61.0	56.0	X	60.76648701797136		Negative									395.02	114.0	693.86	1.0	3669.0	24.51	3.5574
dupC	pair_3042	3042	normal	none	normal	TN	29	65	94	1740	3900					59.80684237065664		Negative									341.29	143.5	462.63	0.0	2092.0	17.35	3.534346
dupC	pair_3042	3042	mutated	dupC	dupC	TP	29	65	94	1740	3901	2.0	65.0	60.0	X	59.80766173729437	Insertion	High_Precision*	0.0207351123724081	375.0	0.3333333333333333	True	Not flagged	W	453.0	21847.0	365.11	168.0	470.89	1.0	2142.0	20.17	3.393411
dupC	pair_3043	3043	normal	none	normal	TN	38	45	83	2280	2700					59.5334607992787		Negative									356.55	129.0	576.28	0.0	3013.0	18.06	3.660254
dupC	pair_3043	3043	mutated	dupC	dupC	TP	38	45	83	2280	2701	2.0	45.0	41.0	X	59.53434763944391	Insertion	High_Precision*	0.0204871060171919	373.0	0.3333333333333333	True	Not flagged	K	429.0	20940.0	354.59	142.0	548.64	1.0	2824.0	17.95	3.966068
dupC	pair_3044	3044	normal	none	normal	TN	21	76	97	1260	4560					59.82467150924953		Negative									351.58	174.0	518.2	1.0	3132.0	19.44	3.061659
dupC	pair_3044	3044	mutated	dupC	dupC	TP	21	76	97	1260	4561	2.0	76.0	40.0	X	59.825457709054916	Insertion	High_Precision*	0.0093320812301913	353.0	0.3333333333333333	True	Not flagged	K	159.0	17038.0	353.31	185.0	516.85	1.0	3105.0	19.24	3.6315
dupC	pair_3045	3045	normal	none	normal	TN	58	77	135	3480	4620					60.950842931813995		Negative									353.83	144.0	577.33	1.0	3152.0	16.22	3.53633
dupC	pair_3045	3045	mutated	dupC	dupC	TP	58	77	135	3480	4621	2.0	77.0	13.0	X	60.951625881757565	Insertion	High_Precision*	0.0210611836760202	384.0	0.3333333333333333	True	Not flagged	H	337.0	16001.0	374.77	144.5	594.77	1.0	3136.0	20.33	3.097295
dupC	pair_3046	3046	normal	none	normal	TN	117	67	184	7020	4020					62.09770756050195		Negative									356.56	110.0	623.63	0.0	3121.0	17.35	3.882101
dupC	pair_3046	3046	mutated	dupC	dupC	TP	117	67	184	7021	4020	1.0	117.0	73.0	X	62.098387734386506	Insertion	High_Precision*	0.0053224472922695	378.0	0.3333333333333333	True	Not flagged	D	103.0	19352.0	363.27	101.0	642.39	1.0	3221.0	18.91	4.003736
dupC	pair_3047	3047	normal	none	normal	TN	29	101	130	1740	6060					60.66067019636942		Negative									358.57	166.0	488.48	0.0	2325.0	17.97	3.402803
dupC	pair_3047	3047	mutated	dupC	dupC	TP	29	101	130	1740	6061	2.0	101.0	88.0	X	60.661388889212475	Insertion	High_Precision*	0.0096046367211757	358.0	0.3333333333333333	True	Not flagged	B	232.0	24155.0	342.7	167.0	469.65	1.0	2290.0	15.4	3.86172
dupC	pair_3048	3048	normal	none	normal	TN	69	77	146	4140	4620					61.23479035439762		Negative									364.21	126.0	573.83	1.0	3239.0	19.86	3.451195
dupC	pair_3048	3048	mutated	dupC	dupC	TP	69	77	146	4141	4620	1.0	69.0	13.0	X	61.23559719938079	Insertion	High_Precision*	0.0146962769431743	354.0	0.3333333333333333	True	Not flagged	K	315.0	21434.0	355.75	120.0	581.36	0.0	3369.0	16.66	3.589962
dupC	pair_3049	3049	normal	none	normal	TN	22	71	93	1320	4260					59.740408009540175		Negative									354.94	153.0	522.1	0.0	2552.0	20.0	3.747086
dupC	pair_3049	3049	mutated	dupC	dupC	TP	22	71	93	1320	4261	2.0	71.0	50.0	X	59.7412087613804	Insertion	High_Precision*	0.0398611577650879	381.0	0.3333333333333333	True	Not flagged	B	712.0	17862.0	357.93	146.0	516.48	0.0	2434.0	19.71	3.893724
dupC	pair_3050	3050	normal	none	normal	TN	36	59	95	2160	3540					59.8687904296857		Negative									363.94	158.0	550.4	1.0	3087.0	19.82	2.958242
dupC	pair_3050	3050	mutated	dupC	dupC	TP	36	59	95	2160	3541	2.0	59.0	47.0	X	59.869629003519016	Insertion	High_Precision*	0.0311903665197078	383.0	0.3333333333333333	True	Not flagged	H	474.0	15197.0	364.03	138.0	557.37	1.0	3056.0	20.28	3.724663
dupC	pair_3051	3051	normal	none	normal	TN	80	36	116	4800	2160					60.36853674158612		Negative									350.3	171.0	459.64	1.0	2301.0	18.62	3.459362
dupC	pair_3051	3051	mutated	dupC	dupC	TP	80	36	116	4801	2160	1.0	80.0	22.0	X	60.36931210704355	Insertion	High_Precision*	0.0188363331938049	365.0	0.3333333333333333	True	Not flagged	D	270.0	14334.0	353.37	175.0	465.38	1.0	2402.0	17.51	3.553285
dupC	pair_3052	3052	normal	none	normal	TN	77	69	146	4620	4140					61.244863936810525		Negative									353.35	128.0	535.12	1.0	2399.0	15.86	3.640612
dupC	pair_3052	3052	mutated	dupC	dupC	TP	77	69	146	4620	4141	2.0	69.0	26.0	X	61.24567095338983	Insertion	High_Precision*	0.0225978879666246	383.0	0.3333333333333333	True	Not flagged	K	520.0	23011.0	368.09	140.0	539.67	1.0	2492.0	18.86	3.579982
dupC	pair_3053	3053	normal	none	normal	TN	29	66	95	1740	3960					59.83084157435038		Negative									379.01	129.0	764.72	1.0	4437.0	23.26	2.746586
dupC	pair_3053	3053	mutated	dupC	dupC	TP	29	66	95	1740	3961	2.0	66.0	19.0	X	59.83165788764301	Insertion	High_Precision*	0.0424717045844289	391.0	0.3333333333333333	True	Not flagged	B	743.0	17494.0	373.51	144.0	711.23	1.0	4046.0	23.19	3.789498
dupC	pair_3054	3054	normal	none	normal	TN	89	89	178	5340	5340					62.00078926598263		Negative									376.47	150.0	494.5	1.0	2313.0	20.53	2.777784
dupC	pair_3054	3054	mutated	dupC	dupC	TP	89	89	178	5340	5341	2.0	89.0	37.0	X	62.001538867775665	Insertion	High_Precision*	0.0108360108360108	381.0	0.3333333333333333	True	Not flagged	H	172.0	15873.0	374.93	166.0	490.53	1.0	2413.0	19.48	3.292739
dupC	pair_3055	3055	normal	none	normal	TN	35	26	61	2100	1560					58.869708023069364		Negative									338.57	256.0	268.11	1.0	1197.0	19.62	2.783472
dupC	pair_3055	3055	mutated	dupC	dupC	TP	35	26	61	2101	1560	1.0	35.0	27.0	X	58.87063230712032	Insertion	High_Precision*	0.0610095222044324	370.0	0.3333333333333333	True	Not flagged	D	724.0	11867.0	338.48	276.0	260.83	1.0	1191.0	19.77	2.900233
dupC	pair_3056	3056	normal	none	normal	TN	54	69	123	3240	4140					60.631760085673506		Negative									366.31	161.0	514.63	1.0	2775.0	19.31	3.310505
dupC	pair_3056	3056	mutated	dupC	dupC	TP	54	69	123	3240	4141	2.0	69.0	7.0	X	60.63256701645475	Insertion	High_Precision*	0.0143771947944639	391.0	0.3333333333333333	True	Not flagged	K	348.0	24205.0	356.06	157.0	509.57	1.0	2759.0	16.29	3.737106
dupC	pair_3057	3057	normal	none	normal	TN	35	41	76	2100	2460					59.32532848744677		Negative									355.66	199.0	519.12	1.0	3114.0	19.77	2.626286
dupC	pair_3057	3057	mutated	dupC	dupC	TP	35	41	76	2101	2460	1.0	35.0	19.0	X	59.32625266912933	Insertion	High_Precision*	0.0207056698703476	324.0	0.3333333333333333	True	Not flagged	D	321.0	15503.0	344.43	194.0	521.54	1.0	3208.0	16.6	3.100333
dupC	pair_3058	3058	normal	none	normal	TN	49	116	165	2940	6960					61.55962270301315		Negative									363.97	137.0	584.22	1.0	3261.0	18.77	3.589289
dupC	pair_3058	3058	mutated	dupC	dupC	TP	49	116	165	2940	6961	2.0	116.0	84.0	X	61.56030618284339	Insertion	High_Precision*	0.0075046080926884	388.0	0.3333333333333333	True	Not flagged	B	171.0	22786.0	340.49	135.0	577.2	1.0	3327.0	13.17	3.742391
dupC	pair_3059	3059	normal	none	normal	TN	96	71	167	5760	4260					61.73731585361483		Negative									368.44	140.0	554.76	1.0	2811.0	19.31	2.918674
dupC	pair_3059	3059	mutated	dupC	dupC	TP	96	71	167	5761	4260	1.0	96.0	24.0	X	61.73804686257174	Insertion	High_Precision*	0.0200563427658411	390.0	0.3333333333333333	True	Not flagged	K	477.0	23783.0	364.78	134.0	568.19	1.0	2957.0	17.6	3.398607
dupC	pair_3060	3060	normal	none	normal	TN	71	91	162	4260	5460					61.61106700195383		Negative									350.87	138.0	574.23	1.0	3237.0	16.77	3.403567
dupC	pair_3060	3060	mutated	dupC	dupC	TP	71	91	162	4261	5460	1.0	71.0	28.0	X	61.611868433405206	Insertion	High_Precision*	0.0182096069868995	390.0	0.3333333333333333	True	Not flagged	K	417.0	22900.0	369.4	139.0	629.45	1.0	3550.0	19.22	3.453285
dupC	pair_3061	3061	normal	none	normal	TN	70	93	163	4200	5580					61.62995205448472		Negative									374.33	146.0	581.89	1.0	3403.0	19.62	2.993272
dupC	pair_3061	3061	mutated	dupC	dupC	TP	70	93	163	4200	5581	2.0	93.0	8.0	X	61.63069124779787	Insertion	High_Precision*	0.0289776817854571	385.0	0.3333333333333333	True	Not flagged	K	644.0	22224.0	340.39	142.0	570.71	1.0	3449.0	12.69	3.687021
dupC	pair_3062	3062	normal	none	normal	TN	62	84	146	3720	5040					61.20709731209155		Negative									370.62	165.0	507.44	1.0	2602.0	20.13	2.58669
dupC	pair_3062	3062	mutated	dupC	dupC	TP	62	84	146	3720	5041	2.0	84.0	42.0	X	61.207860676786865	Insertion	High_Precision*	0.044163637900431	386.0	0.3333333333333333	True	Not flagged	M	1045.0	23662.0	371.49	187.0	503.28	1.0	2662.0	20.24	3.288188
dupC	pair_3063	3063	normal	none	normal	TN	52	109	161	3120	6540					61.50261047501584		Negative									330.25	128.0	693.18	1.0	4310.0	10.51	3.451512
dupC	pair_3063	3063	mutated	dupC	dupC	TP	52	109	161	3120	6541	2.0	109.0	67.0	X	61.503309937396594	Insertion	High_Precision	0.0061292719167904	335.0	0.3333333333333333	True	Not flagged	C	99.0	16152.0	367.81	117.0	755.15	1.0	4512.0	19.11	3.513181
dupC	pair_3064	3064	normal	none	normal	TN	42	49	91	2520	2940					59.75408084415132		Negative									364.05	129.0	691.79	1.0	4214.0	19.22	3.343777
dupC	pair_3064	3064	mutated	dupC	dupC	TP	42	49	91	2521	2940	1.0	42.0	26.0	X	59.75497856558329	Insertion	High_Precision*	0.0057756150802674	391.0	0.3333333333333333	True	Not flagged	K	127.0	21989.0	350.98	124.0	665.87	1.0	4109.0	16.57	3.170842
dupC	pair_3065	3065	normal	none	normal	TN	24	83	107	1440	4980					60.082762105206555		Negative									348.26	211.0	358.86	1.0	1613.0	18.02	3.196592
dupC	pair_3065	3065	mutated	dupC	dupC	TP	24	83	107	1440	4981	2.0	83.0	27.0	X	60.08352850031696	Insertion	High_Precision*	0.0248299481520239	379.0	0.3333333333333333	True	Not flagged	K	522.0	21023.0	337.29	180.0	350.19	1.0	1517.0	16.13	3.542547
dupC	pair_3066	3066	normal	none	normal	TN	61	69	130	3660	4140					60.840975193310925		Negative									346.04	127.0	642.34	1.0	3708.0	15.29	3.616945
dupC	pair_3066	3066	mutated	dupC	dupC	TP	61	69	130	3660	4141	2.0	69.0	12.0	X	60.841781866697985	Insertion	High_Precision*	0.0204447254715986	331.0	0.3333333333333333	True	Not flagged	K	388.0	18978.0	365.99	125.0	666.49	1.0	3810.0	20.0	3.581954
dupC	pair_3067	3067	normal	none	normal	TN	86	93	179	5160	5580					62.03657654342933		Negative									370.16	124.5	565.43	1.0	2863.0	19.35	2.736157
dupC	pair_3067	3067	mutated	dupC	dupC	TP	86	93	179	5160	5581	2.0	93.0	76.0	X	62.03731558392187	Insertion	High_Precision	0.0061366061899679	193.0	0.3333333333333333	True	Not flagged	D	92.0	14992.0	365.28	123.0	568.14	1.0	2899.0	19.35	3.511874
dupC	pair_3068	3068	normal	none	normal	TN	43	82	125	2580	4920					60.63517161026889		Negative									368.06	197.0	493.9	1.0	2904.0	20.28	3.120407
dupC	pair_3068	3068	mutated	dupC	dupC	FN	43	82	125	2580	4921	2.0	82.0	71.0	X	60.635940573096725		Negative									367.8	178.0	506.22	1.0	2937.0	20.33	3.371669
dupC	pair_3069	3069	normal	none	normal	TN	70	84	154	4200	5040					61.422190610725316		Negative									361.09	106.0	657.48	0.0	3533.0	17.15	3.375625
dupC	pair_3069	3069	mutated	dupC	dupC	TP	70	84	154	4201	5040	1.0	70.0	54.0	X	61.42299431359805	Insertion	High_Precision*	0.0062238180730101	188.0	0.3333333333333333	True	Not flagged	D	104.0	16710.0	375.21	116.0	664.72	1.0	3567.0	20.06	2.975465
dupC	pair_3070	3070	normal	none	normal	TN	21	27	48	1260	1620					58.461536955346915		Negative									352.45	237.0	380.24	1.0	1787.0	25.91	3.680094
dupC	pair_3070	3070	mutated	dupC	dupC	TP	21	27	48	1260	1621	2.0	27.0	23.0	X	58.46249310853011	Insertion	High_Precision*	0.0402661661832451	371.0	0.3333333333333333	True	Not flagged	W	472.0	11722.0	341.61	218.0	379.32	1.0	1737.0	23.55	3.658527
dupC	pair_3071	3071	normal	none	normal	TN	95	62	157	5700	3720					61.461456945820565		Negative									369.18	137.0	660.54	1.0	4141.0	18.75	2.700146
dupC	pair_3071	3071	mutated	dupC	dupC	TP	95	62	157	5700	3721	2.0	62.0	28.0	X	61.462286040197846	Insertion	High_Precision*	0.0441978097529833	374.0	0.3333333333333333	True	Not flagged	K	900.0	20363.0	374.39	151.0	652.86	1.0	4041.0	19.75	2.985277
dupC	pair_3072	3072	normal	none	normal	TN	91	99	190	5460	5940					62.2746824656089		Negative									367.68	125.0	576.03	1.0	2796.0	19.0	2.665549
dupC	pair_3072	3072	mutated	dupC	dupC	TP	91	99	190	5461	5940	1.0	91.0	45.0	X	62.27542663781034	Insertion	High_Precision*	0.0125949249861085	381.0	0.3333333333333333	True	Not flagged	P	136.0	10798.0	344.92	129.0	539.65	0.0	2651.0	15.62	3.833036
dupC	pair_3073	3073	normal	none	normal	TN	76	92	168	4560	5520					61.76961545138003		Negative									363.56	118.0	570.08	1.0	2627.0	17.62	3.445688
dupC	pair_3073	3073	mutated	dupC	dupC	TP	76	92	168	4560	5521	2.0	92.0	74.0	X	61.770356742681216	Insertion	High_Precision*	0.0061170987474512	355.0	0.3333333333333333	True	Not flagged	K	147.0	24031.0	355.76	107.0	567.15	1.0	2612.0	16.66	3.715484
dupC	pair_3074	3074	normal	none	normal	TN	56	70	126	3360	4200					60.727166591192116		Negative									370.6	131.0	602.76	1.0	3542.0	19.6	2.937177
dupC	pair_3074	3074	mutated	dupC	dupC	TP	56	70	126	3361	4200	1.0	56.0	29.0	X	60.72801520581912	Insertion	High_Precision*	0.0110320994218116	380.0	0.3333333333333333	True	Not flagged	W	166.0	15047.0	363.46	124.0	608.64	1.0	3572.0	18.86	3.627192
dupC	pair_3075	3075	normal	none	normal	TN	25	32	57	1500	1920					58.74495416737396		Negative									438.5	196.0	711.97	1.0	3944.0	34.84	2.734713
dupC	pair_3075	3075	mutated	dupC	dupC	TP	25	32	57	1501	1920	1.0	25.0	15.0	X	58.74591875203903	Insertion	High_Precision*	0.0438809771911543	385.0	0.3333333333333333	True	Not flagged	H	758.0	17274.0	388.1	181.0	642.91	1.0	3690.0	28.24	2.919712
dupC	pair_3076	3076	normal	none	normal	TN	27	40	67	1620	2400					59.04568149530857		Negative									315.0	209.0	327.96	0.0	1400.0	13.06	3.390519
dupC	pair_3076	3076	mutated	dupC	dupC	TP	27	40	67	1620	2401	2.0	40.0	10.0	X	59.0465867681918	Insertion	High_Precision*	0.0463782640164801	378.0	0.3333333333333333	True	Not flagged	K	833.0	17961.0	305.67	208.0	302.81	1.0	1304.0	13.06	3.648324
dupC	pair_3077	3077	normal	none	normal	TN	47	83	130	2820	4980					60.7772387936642		Negative									373.21	125.0	607.98	1.0	3377.0	20.06	2.797247
dupC	pair_3077	3077	mutated	dupC	dupC	TP	47	83	130	2820	4981	2.0	83.0	68.0	X	60.77800486827482	Insertion	High_Precision*	0.0116242139363526	385.0	0.3333333333333333	True	Not flagged	H	183.0	15743.0	373.3	130.0	598.32	1.0	3285.0	20.84	2.988205
dupC	pair_3078	3078	normal	none	normal	TN	82	76	158	4920	4560					61.536944280328974		Negative									373.09	116.0	676.85	1.0	3859.0	20.04	3.007275
dupC	pair_3078	3078	mutated	dupC	dupC	TP	82	76	158	4920	4561	2.0	76.0	40.0	X	61.53773023146812	Insertion	High_Precision*	0.0163353172090667	390.0	0.3333333333333333	True	Not flagged	K	387.0	23691.0	376.5	128.0	653.94	1.0	3703.0	20.57	3.353691
dupC	pair_3079	3079	normal	none	normal	TN	38	58	96	2280	3480					59.902105462764446		Negative									373.58	128.0	670.71	1.0	3867.0	21.55	3.488073
dupC	pair_3079	3079	mutated	dupC	dupC	TP	38	58	96	2280	3481	2.0	58.0	48.0	X	59.90294723943886	Insertion	High_Precision*	0.0111784511784511	342.0	0.3333333333333333	True	Not flagged	H	166.0	14850.0	373.16	135.0	653.3	1.0	3753.0	21.33	3.560507
dupC	pair_3080	3080	normal	none	normal	TN	47	60	107	2820	3600					60.22218652980585		Negative									362.38	127.0	522.16	0.0	2415.0	19.75	3.763727
dupC	pair_3080	3080	mutated	dupC	dupC	TP	47	60	107	2820	3601	2.0	60.0	40.0	X	60.22302147359953	Insertion	High_Precision*	0.0522815444300757	374.0	0.3333333333333333	True	Not flagged	W	849.0	16239.0	364.2	134.0	522.04	1.0	2493.0	19.68	3.291214
dupC	pair_3081	3081	normal	none	normal	TN	114	75	189	6840	4500					62.23643511055689		Negative									361.31	124.0	583.55	1.0	3182.0	17.09	2.931294
dupC	pair_3081	3081	mutated	dupC	dupC	FN	114	75	189	6840	4501	2.0	75.0	49.0	X	62.23722391634491		Negative									371.49	127.0	591.5	1.0	3281.0	19.51	2.927432
dupC	pair_3082	3082	normal	none	normal	TN	75	115	190	4500	6900					62.24541385327365		Negative									376.6	134.0	611.02	1.0	3281.0	20.86	2.707781
dupC	pair_3082	3082	mutated	dupC	dupC	TP	75	115	190	4501	6900	1.0	75.0	36.0	X	62.246202908947346	Insertion	High_Precision*	0.0083656300217411	383.0	0.3333333333333333	True	Not flagged	K	177.0	21158.0	363.85	120.0	607.87	1.0	3266.0	19.15	3.612478
dupC	pair_3083	3083	normal	none	normal	TN	60	26	86	3600	1560					59.58060674192635		Negative									342.84	135.0	599.58	1.0	3577.0	17.09	3.417999
dupC	pair_3083	3083	mutated	dupC	dupC	TP	60	26	86	3601	1560	1.0	60.0	40.0	X	59.581441865258526	Insertion	High_Precision*	0.0136887608069164	346.0	0.3333333333333333	True	Not flagged	K	304.0	22208.0	352.65	149.0	619.71	0.0	3689.0	19.06	3.178814
dupC	pair_3084	3084	normal	none	normal	TN	101	36	137	6060	2160					60.890977084262644		Negative									367.54	124.0	672.6	1.0	3813.0	19.91	3.075083
dupC	pair_3084	3084	mutated	dupC	dupC	TP	101	36	137	6060	2161	2.0	36.0	16.0	X	60.89189728638701	Insertion	High_Precision*	0.0266329169647278	333.0	0.3333333333333333	True	Not flagged	W	484.0	18173.0	360.44	123.0	630.87	1.0	3461.0	20.0	3.585112
dupC	pair_3085	3085	normal	none	normal	TN	74	60	134	4440	3600					60.93863560709035		Negative									368.58	113.0	646.97	1.0	3587.0	19.06	2.970737
dupC	pair_3085	3085	mutated	dupC	dupC	TP	74	60	134	4441	3600	1.0	74.0	60.0	X	60.9394272024155	Insertion	High_Precision*	0.0152505446623093	315.0	0.3333333333333333	True	Not flagged	O	238.0	15606.0	374.08	123.0	651.33	1.0	3619.0	20.66	2.993851
dupC	pair_3086	3086	normal	none	normal	TN	70	52	122	4200	3120					60.58664102490778		Negative									368.35	156.0	536.31	1.0	3091.0	19.53	3.296396
dupC	pair_3086	3086	mutated	dupC	dupC	TP	70	52	122	4201	3120	1.0	70.0	8.0	X	60.58744498389998	Insertion	High_Precision*	0.0171355133514208	370.0	0.3333333333333333	True	Not flagged	W	240.0	14006.0	367.99	149.0	545.25	1.0	3119.0	19.57	3.547099
dupC	pair_3087	3087	normal	none	normal	TN	68	58	126	4080	3480					60.736786662289816		Negative									349.7	116.0	614.77	0.0	3405.0	15.46	3.753866
dupC	pair_3087	3087	mutated	dupC	dupC	TP	68	58	126	4080	3481	2.0	58.0	13.0	X	60.73762834827508	Insertion	High_Precision*	0.0326380097969068	374.0	0.3333333333333333	True	Not flagged	H	593.0	18169.0	365.9	116.0	621.92	1.0	3361.0	20.11	3.943988
dupC	pair_3088	3088	normal	none	normal	TN	60	58	118	3600	3480					60.51810772962203		Negative									362.49	160.0	571.33	1.0	3093.0	18.84	2.772663
dupC	pair_3088	3088	mutated	dupC	dupC	TP	60	58	118	3600	3481	2.0	58.0	23.0	X	60.5189497783639	Insertion	High_Precision*	0.0504309917764787	378.0	0.3333333333333333	True	Not flagged	H	1018.0	20186.0	368.52	154.0	570.51	1.0	3061.0	19.97	2.880582
dupC	pair_3089	3089	normal	none	normal	TN	68	73	141	4080	4380					61.109393353846485		Negative									325.31	136.0	408.39	1.0	2052.0	13.4	3.484023
dupC	pair_3089	3089	mutated	dupC	dupC	TP	68	73	141	4081	4380	1.0	68.0	47.0	X	61.110203534768274	Insertion	High_Precision*	0.0181059127830466	346.0	0.3333333333333333	True	Not flagged	K	399.0	22037.0	372.17	160.0	450.68	1.0	2266.0	19.24	3.172857
dupC	pair_3090	3090	normal	none	normal	TN	88	66	154	5280	3960					61.38661680332199		Negative									378.1	148.0	616.59	1.0	3568.0	20.97	3.255183
dupC	pair_3090	3090	mutated	dupC	dupC	FN	88	66	154	5281	3960	1.0	88.0	78.0	X	61.38736965456516		Negative									349.44	132.0	587.33	1.0	3452.0	16.49	3.714395
dupC	pair_3091	3091	normal	none	normal	TN	94	99	193	5640	5940					62.349105760683784		Negative									369.68	130.0	577.25	1.0	3046.0	19.51	3.342245
dupC	pair_3091	3091	mutated	dupC	dupC	TP	94	99	193	5641	5940	1.0	94.0	17.0	X	62.34984210697395	Insertion	High_Precision*	0.008228517691313	383.0	0.3333333333333333	True	Not flagged	C	210.0	25521.0	375.37	143.0	588.76	1.0	3084.0	19.68	3.138007
dupC	pair_3092	3092	normal	none	normal	TN	75	64	139	4500	3840					61.05931892891385		Negative									368.13	143.0	501.48	1.0	2207.0	19.51	2.784809
dupC	pair_3092	3092	mutated	dupC	dupC	TP	75	64	139	4500	3841	2.0	64.0	34.0	X	61.060141721215984	Insertion	High_Precision*	0.0211119559869392	376.0	0.3333333333333333	True	Not flagged	K	472.0	22357.0	363.55	142.0	493.13	1.0	2129.0	18.91	3.662863
dupC	pair_3093	3093	normal	none	normal	TN	22	35	57	1320	2100					58.737501379538685		Negative									345.82	176.0	562.19	1.0	3307.0	19.53	2.429539
dupC	pair_3093	3093	mutated	dupC	dupC	TP	22	35	57	1321	2100	1.0	22.0	7.0	X	58.73847858027085	Insertion	High_Precision*	0.0538016065757519	371.0	0.3333333333333333	True	Not flagged	K	864.0	16059.0	352.81	166.0	577.38	1.0	3408.0	20.71	3.222502
dupC	pair_3094	3094	normal	none	normal	TN	35	47	82	2100	2820					59.506737758812825		Negative									371.53	153.0	490.96	1.0	2362.0	21.44	2.762063
dupC	pair_3094	3094	mutated	dupC	dupC	TP	35	47	82	2101	2820	1.0	35.0	7.0	X	59.507661940495396	Insertion	High_Precision*	0.0255647792508156	378.0	0.3333333333333333	True	Not flagged	K	619.0	24213.0	358.79	148.0	484.11	1.0	2323.0	20.42	3.647194
dupC	pair_3095	3095	normal	none	normal	TN	56	97	153	3360	5820					61.36043757891833		Negative									369.99	109.0	744.67	0.0	4243.0	19.06	3.007223
dupC	pair_3095	3095	mutated	dupC	dupC	TP	56	97	153	3360	5821	2.0	97.0	40.0	X	61.36116616943414	Insertion	High_Precision*	0.0097746402389356	360.0	0.3333333333333333	True	Not flagged	C	144.0	14732.0	339.94	99.0	700.01	0.0	4061.0	14.37	3.744316
dupC	pair_3096	3096	normal	none	normal	TN	61	30	91	3660	1800					59.74341589955563		Negative									372.6	121.0	733.81	1.0	4318.0	20.71	2.885484
dupC	pair_3096	3096	mutated	dupC	dupC	TP	61	30	91	3661	1800	1.0	61.0	18.0	X	59.74424768587181	Insertion	High_Precision*	0.017253589132814	331.0	0.3333333333333333	True	Not flagged	C	268.0	15533.0	372.75	129.0	727.55	0.0	4260.0	21.06	3.519225
dupC	pair_3097	3097	normal	none	normal	TN	38	51	89	2280	3060					59.70898452401899		Negative									352.69	141.0	546.31	1.0	2946.0	19.33	3.489894
dupC	pair_3097	3097	mutated	dupC	dupC	TP	38	51	89	2281	3060	1.0	38.0	34.0	X	59.70989715723161	Insertion	High_Precision*	0.02072115056915	353.0	0.3333333333333333	True	Not flagged	D	304.0	14671.0	360.13	141.0	575.34	1.0	3171.0	19.08	3.092912
dupC	pair_3098	3098	normal	none	normal	TN	50	58	108	3000	3480					60.24937041700615		Negative									364.31	153.0	528.58	1.0	2630.0	18.8	3.01461
dupC	pair_3098	3098	mutated	dupC	dupC	TP	50	58	108	3001	3480	1.0	50.0	17.0	X	60.25023947184876	Insertion	High_Precision*	0.0412941467028896	370.0	0.3333333333333333	True	Not flagged	C	836.0	20245.0	366.6	151.0	515.33	1.0	2463.0	20.48	3.524352
dupC	pair_3099	3099	normal	none	normal	TN	85	80	165	5100	4800					61.70267317825472		Negative									365.18	123.0	626.21	1.0	3459.0	18.66	3.276503
dupC	pair_3099	3099	mutated	dupC	dupC	TP	85	80	165	5101	4800	1.0	85.0	30.0	X	61.70343361207817	Insertion	High_Precision*	0.0212063759567446	389.0	0.3333333333333333	True	Not flagged	C	302.0	14241.0	348.38	111.0	615.68	1.0	3452.0	15.71	3.759238
atypical	pair_4000	4000	normal	none	normal	TN	35	75	110	2100	4500					60.25061409179057		Negative									369.76	125.0	702.09	1.0	4156.0	19.95	2.82974
atypical	pair_4000	4000	mutated	insG	insG	TP	35	75	110	2101	4500	1.0	35.0	10.0	X	60.25153806873638	Insertion	High_Precision*	0.0255494812004909	67.0	0.3333333333333333	True	Not flagged	5C	458.0	17926.0	367.19	136.0	703.68	0.0	4168.0	18.71	3.401396
atypical	pair_4001	4001	normal	none	normal	TN	47	67	114	2820	4020					60.40449056110851		Negative									362.8	131.0	638.49	1.0	3714.0	19.02	3.787414
atypical	pair_4001	4001	mutated	insG	insG	TP	47	67	114	2821	4020	1.0	47.0	42.0	X	60.405370019236344	Insertion	High_Precision*	0.0085603112840466	28.0	0.3333333333333333	True	Not flagged	S	110.0	12850.0	367.9	147.0	616.75	1.0	3612.0	19.88	3.323064
atypical	pair_4002	4002	normal	none	normal	TN	95	37	132	5700	2220					60.77329114234381		Negative									365.76	173.0	437.41	1.0	1928.0	20.8	3.466582
atypical	pair_4002	4002	mutated	insG	insG	TP	95	37	132	5701	2220	1.0	95.0	13.0	X	60.7740249629025	Insertion	High_Precision*	0.0077847516177686	131.0	0.3333333333333333	True	Not flagged	C	160.0	20553.0	366.86	174.0	447.18	1.0	1946.0	21.02	3.084629
atypical	pair_4003	4003	normal	none	normal	TN	80	56	136	4800	3360					60.97377651347769		Negative									321.59	106.0	642.01	0.0	3872.0	9.78	3.830481
atypical	pair_4003	4003	mutated	insG	insG	TP	80	56	136	4801	3360	1.0	80.0	15.0	X	60.9745506595514	Insertion	High_Precision*	0.0095078299776286	28.0	0.3333333333333333	True	Not flagged	S	102.0	10728.0	336.28	107.0	660.33	1.0	3942.0	12.57	4.100931
atypical	pair_4004	4004	normal	none	normal	TN	34	63	97	2040	3780					59.908093931211546		Negative									333.8	130.0	522.59	1.0	2594.0	13.86	3.826464
atypical	pair_4004	4004	mutated	insG	insG	TP	34	63	97	2040	3781	2.0	63.0	51.0	X	59.90891981970081	Insertion	High_Precision*	0.0226905221428198	112.0	0.3333333333333333	True	Not flagged	D	435.0	19171.0	353.44	140.0	544.41	1.0	2699.0	17.2	3.679344
atypical	pair_4005	4005	normal	none	normal	TN	100	39	139	6000	2340					60.92512223676056		Negative									330.22	143.0	485.88	1.0	2792.0	11.29	3.371249
atypical	pair_4005	4005	mutated	insG	insG	FN	100	39	139	6001	2340	1.0	100.0	62.0	X	60.925843806641		Negative									365.3	172.0	494.4	1.0	2804.0	19.17	3.192805
atypical	pair_4006	4006	normal	none	normal	TN	59	79	138	3540	4740					61.03136854381575		Negative									366.9	117.0	587.98	1.0	3020.0	18.75	3.038399
atypical	pair_4006	4006	mutated	insG	insG	TP	59	79	138	3541	4740	1.0	59.0	34.0	X	61.03220693719418	Insertion	High_Precision*	0.0052428529033534	142.0	0.3333333333333333	True	Not flagged	D	106.0	20218.0	374.92	131.0	581.29	1.0	2874.0	20.64	3.012305
atypical	pair_4007	4007	normal	none	normal	TN	65	73	138	3900	4380					61.03965627906817		Negative									335.7	115.0	517.33	1.0	2393.0	15.0	4.012781
atypical	pair_4007	4007	mutated	insG	insG	TP	65	73	138	3900	4381	2.0	73.0	46.0	X	61.04045076598675	Insertion	Low_Precision	0.0047543581616481	64.0	0.3333333333333333	True	Not flagged	5	42.0	8834.0	322.97	127.0	500.5	1.0	2394.0	9.66	4.008579
atypical	pair_4008	4008	normal	none	normal	TN	53	29	82	3180	1740					59.487447939528494		Negative									365.48	140.0	605.63	1.0	3347.0	21.17	3.796272
atypical	pair_4008	4008	mutated	insG	insG	TP	53	29	82	3180	1741	2.0	29.0	19.0	X	59.48839599966965	Insertion	High_Precision*	0.015923207227555	118.0	0.3333333333333333	True	Not flagged	D	282.0	17710.0	375.41	160.0	585.18	1.0	3177.0	23.35	3.391543
atypical	pair_4009	4009	normal	none	normal	TN	59	60	119	3540	3600					60.54090765087914		Negative									371.0	165.0	550.12	1.0	3165.0	19.4	3.441021
atypical	pair_4009	4009	mutated	insG	insG	TP	59	60	119	3541	3600	1.0	59.0	24.0	X	60.54174631493989	Insertion	High_Precision*	0.0182209706808017	70.0	0.3333333333333333	True	Not flagged	5C	330.0	18111.0	369.32	155.0	563.28	1.0	3198.0	19.31	3.538305
atypical	pair_4010	4010	normal	none	normal	TN	57	76	133	3420	4560					60.89936946622642		Negative									347.4	123.0	554.02	0.0	2853.0	15.86	3.424722
atypical	pair_4010	4010	mutated	dupA	dupA	TP	57	76	133	3420	4561	2.0	76.0	41.0	X	60.898119918301674	Insertion	High_Precision*	0.0129790892451051	26.0	0.3333333333333333	True	Not flagged	5C	234.0	18029.0	350.18	124.0	563.44	1.0	2898.0	15.46	3.572894
atypical	pair_4011	4011	normal	none	normal	TN	97	71	168	5820	4260					61.75590188399236		Negative									376.08	106.0	646.2	1.0	3556.0	20.95	2.823449
atypical	pair_4011	4011	mutated	dupA	dupA	TP	97	71	168	5820	4261	2.0	71.0	33.0	X	61.75464188491595	Insertion	High_Precision*	0.012096132420818	109.0	0.3333333333333333	True	Not flagged	5	152.0	12566.0	359.95	119.0	599.26	1.0	3311.0	17.53	3.278681
atypical	pair_4012	4012	normal	none	normal	TN	61	23	84	3660	1380					59.516952429451536		Negative									373.16	151.0	583.13	1.0	2981.0	24.06	3.764989
atypical	pair_4012	4012	mutated	dupA	dupA	TP	61	23	84	3660	1381	2.0	23.0	14.0	X	59.51558683156291	Insertion	High_Precision*	0.0253488669824606	72.0	0.3333333333333333	True	Not flagged	W	396.0	15622.0	411.75	177.0	594.11	1.0	2914.0	30.57	3.13755
atypical	pair_4013	4013	normal	none	normal	TN	60	77	137	3600	4620					61.00308933070812		Negative									374.03	121.0	640.37	1.0	3519.0	20.46	3.499329
atypical	pair_4013	4013	mutated	dupA	dupA	FN	60	77	137	3601	4620	1.0	60.0	43.0	X	61.001805899741754		Negative									370.89	134.0	618.74	1.0	3360.0	19.4	3.547456
atypical	pair_4014	4014	normal	none	normal	TN	76	38	114	4560	2280					60.33316349803215		Negative									369.18	187.0	450.03	1.0	2447.0	20.22	2.948211
atypical	pair_4014	4014	mutated	dupA	dupA	FN	76	38	114	4561	2280	1.0	76.0	40.0	X	60.331914778994914		Negative									356.42	192.0	427.43	1.0	2298.0	19.17	3.537609
atypical	pair_4015	4015	normal	none	normal	TN	35	42	77	2100	2520					59.3593387074737		Negative									354.0	155.0	501.36	1.0	2814.0	19.62	3.732038
atypical	pair_4015	4015	mutated	dupA	dupA	TP	35	42	77	2100	2521	2.0	42.0	18.0	X	59.35801627882353	Insertion	High_Precision*	0.0358405657344905	123.0	0.3333333333333333	True	Not flagged	W	446.0	12444.0	328.37	148.0	448.41	1.0	2348.0	15.53	3.591157
atypical	pair_4016	4016	normal	none	normal	TN	62	76	138	3720	4560					61.039701786861926		Negative									356.57	130.0	588.01	1.0	3327.0	16.6	3.352411
atypical	pair_4016	4016	mutated	dupA	dupA	FN	62	76	138	3720	4561	2.0	76.0	49.0	X	61.03845182449342		Negative									380.14	134.0	607.91	1.0	3424.0	20.8	3.05524
atypical	pair_4017	4017	normal	none	normal	TN	91	25	116	5460	1500					60.30916896545425		Negative									367.44	145.0	537.03	1.0	2686.0	20.88	3.005729
atypical	pair_4017	4017	mutated	dupA	dupA	TP	91	25	116	5461	1500	1.0	91.0	73.0	X	60.30794950416643	Insertion	High_Precision	0.0053529608564737	63.0	0.3333333333333333	True	Not flagged	5	64.0	11956.0	352.72	148.0	507.01	1.0	2489.0	18.97	3.770839
atypical	pair_4018	4018	normal	none	normal	TN	34	83	117	2040	4980					60.40443243887306		Negative									362.86	162.0	510.3	1.0	2795.0	20.24	2.751885
atypical	pair_4018	4018	mutated	dupA	dupA	TP	34	83	117	2040	4981	2.0	83.0	29.0	X	60.4031969923276	Insertion	High_Precision*	0.0307489830102895	26.0	0.3333333333333333	True	Not flagged	5C	514.0	16716.0	360.84	167.0	492.34	1.0	2732.0	19.95	3.049548
atypical	pair_4019	4019	normal	none	normal	TN	56	98	154	3360	5880					61.38280141750121		Negative									381.94	148.0	640.97	1.0	3689.0	21.17	2.912816
atypical	pair_4019	4019	mutated	dupA	dupA	FN	56	98	154	3360	5881	2.0	98.0	91.0	X	61.38159553565238		Negative									365.66	136.0	627.91	1.0	3623.0	19.4	3.423683
atypical	pair_4020	4020	normal	none	normal	TN	65	77	142	3900	4620					61.13524569268785		Negative									371.3	126.0	656.68	1.0	3931.0	20.37	3.152807
atypical	pair_4020	4020	mutated	delinsAT	delinsAT	FN	65	77	142	3900	4621	2.0	77.0	30.0	X	61.13196723414835		Negative									338.15	123.0	633.15	1.0	3914.0	13.24	3.259012
atypical	pair_4021	4021	normal	none	normal	TN	119	46	165	7140	2760					61.55368472789014		Negative									369.52	151.0	492.43	1.0	2417.0	20.6	3.461705
atypical	pair_4021	4021	mutated	delinsAT	delinsAT	TP	119	46	165	7141	2760	1.0	119.0	44.0	X	61.550676270487216	Insertion	High_Precision*	0.0191304347826086	295.0	0.3333333333333333	True	Not flagged	L	209.0	10925.0	355.12	156.0	496.6	0.0	2505.0	18.06	3.745328
atypical	pair_4022	4022	normal	none	normal	TN	45	77	122	2700	4620					60.58676911074768		Negative									363.23	166.5	514.63	1.0	2934.0	18.73	2.776895
atypical	pair_4022	4022	mutated	delinsAT	delinsAT	FN	45	77	122	2700	4621	2.0	77.0	22.0	X	60.583490652208184		Negative									372.8	162.0	506.99	1.0	2828.0	20.31	2.702681
atypical	pair_4023	4023	normal	none	normal	TN	31	69	100	1860	4140					59.97736594476714		Negative									359.52	170.0	484.33	1.0	2589.0	20.2	3.214849
atypical	pair_4023	4023	mutated	delinsAT	delinsAT	TP	31	69	100	1860	4141	2.0	69.0	25.0	X	59.97403037347714	Insertion	High_Precision*	0.0088218279984573	273.0	0.3333333333333333	True	Not flagged	K	183.0	20744.0	354.08	190.0	447.76	1.0	2361.0	19.97	3.690856
atypical	pair_4024	4024	normal	none	normal	TN	55	65	120	3300	3900					60.5749007847433		Negative									372.94	104.0	670.22	0.0	3445.0	20.44	3.247167
atypical	pair_4024	4024	mutated	delinsAT	delinsAT	TP	55	65	120	3300	3901	2.0	65.0	18.0	X	60.57153587590298	Insertion	High_Precision*	0.0220967426072197	120.0	0.3333333333333333	True	Not flagged	J	677.0	30638.0	370.37	106.0	647.25	0.0	3239.0	19.24	3.020091
atypical	pair_4025	4025	normal	none	normal	TN	86	87	173	5160	5220					61.89951637040782		Negative									373.17	130.0	541.9	1.0	2308.0	20.22	3.016227
atypical	pair_4025	4025	mutated	delinsAT	delinsAT	TP	86	87	173	5160	5221	2.0	87.0	38.0	X	61.89630597158637	Insertion	High_Precision*	0.0090008139033848	294.0	0.3333333333333333	True	Not flagged	C	188.0	20887.0	357.26	130.0	514.9	1.0	2117.0	17.2	3.744655
atypical	pair_4026	4026	normal	none	normal	TN	114	47	161	6840	2820					61.478827041408756		Negative									353.74	127.0	543.74	1.0	2804.0	19.04	3.838224
atypical	pair_4026	4026	mutated	delinsAT	delinsAT	TP	114	47	161	6840	2821	2.0	47.0	19.0	X	61.47532485864361	Insertion	High_Precision	0.0087320018578727	237.0	0.3333333333333333	True	Not flagged	L	94.0	10765.0	367.21	140.0	551.9	1.0	2886.0	20.24	3.694322
atypical	pair_4027	4027	normal	none	normal	TN	94	65	159	5640	3900					61.53818073225021		Negative									346.66	108.0	604.76	0.0	3419.0	14.73	3.657543
atypical	pair_4027	4027	mutated	delinsAT	delinsAT	TP	94	65	159	5641	3900	1.0	94.0	43.0	X	61.53501730279973	Insertion	High_Precision*	0.0120162079083414	120.0	0.3333333333333333	True	Not flagged	J	258.0	21471.0	381.54	119.0	632.58	1.0	3586.0	21.8	3.825637
atypical	pair_4028	4028	normal	none	normal	TN	53	29	82	3180	1740					59.489604971452565		Negative									383.47	173.0	545.27	1.0	2422.0	25.91	3.416417
atypical	pair_4028	4028	mutated	delinsAT	delinsAT	TP	53	29	82	3181	1740	1.0	53.0	46.0	X	59.486149495825956	Insertion	High_Precision*	0.0326147816349384	272.0	0.3333333333333333	True	Not flagged	H	466.0	14288.0	355.4	167.0	518.95	1.0	2367.0	20.77	4.032627
atypical	pair_4029	4029	normal	none	normal	TN	77	32	109	4620	1920					60.205447621362964		Negative									323.91	132.0	538.14	0.0	3201.0	13.82	3.537775
atypical	pair_4029	4029	mutated	delinsAT	delinsAT	TP	77	32	109	4621	1920	1.0	77.0	16.0	X	60.20216908033822	Insertion	High_Precision*	0.0339344907017248	252.0	0.3333333333333333	True	Not flagged	K	604.0	17799.0	359.48	153.0	548.8	1.0	3313.0	19.6	2.709913
atypical	pair_4030	4030	normal	none	normal	TN	86	42	128	5160	2520					60.70498013424562		Negative									375.17	149.0	591.45	1.0	3204.0	20.75	2.886948
atypical	pair_4030	4030	mutated	insCCCC	insCCCC	TP	86	42	128	5160	2524	2.0	42.0	26.0	X	60.70856975311831	Insertion	High_Precision*	0.0146024878312601	386.0	1.3333333333333333	True	Not flagged	H	216.0	14792.0	362.32	148.0	565.89	1.0	3087.0	19.17	3.598522
atypical	pair_4031	4031	normal	none	normal	TN	101	73	174	6060	4380					61.90154669258863		Negative									377.59	112.0	671.86	1.0	3811.0	20.66	3.061861
atypical	pair_4031	4031	mutated	insCCCC	insCCCC	TP	101	73	174	6060	4384	2.0	73.0	14.0	X	61.90472458570269	Insertion	High_Precision*	0.0117912029676735	349.0	1.3333333333333333	True	Not flagged	C	267.0	22644.0	363.57	114.0	647.5	1.0	3659.0	18.13	3.444188
atypical	pair_4032	4032	normal	none	normal	TN	97	53	150	5820	3180					61.26670237771417		Negative									348.34	137.0	519.75	1.0	2863.0	16.06	3.459553
atypical	pair_4032	4032	mutated	insCCCC	insCCCC	TP	97	53	150	5820	3184	2.0	53.0	40.0	X	61.27013628619647	Insertion	High_Precision*	0.0220205609848965	24.0	1.3333333333333333	True	Not flagged	V	347.0	15758.0	353.84	144.0	533.98	1.0	2930.0	16.42	3.878783
atypical	pair_4033	4033	normal	none	normal	TN	41	42	83	2460	2520					59.54420252147493		Negative									371.16	126.0	671.8	1.0	3760.0	21.08	3.556164
atypical	pair_4033	4033	mutated	insCCCC	insCCCC	TP	41	42	83	2464	2520	1.0	41.0	17.0	X	59.547806982587176	Insertion	High_Precision*	0.0321118045553955	345.0	1.3333333333333333	True	Not flagged	K	602.0	18747.0	345.58	120.0	645.73	1.0	3723.0	16.86	3.845947
atypical	pair_4034	4034	normal	none	normal	TN	64	53	117	3840	3180					60.482853043876055		Negative									361.45	141.5	555.51	1.0	3193.0	17.75	3.430267
atypical	pair_4034	4034	mutated	insCCCC	insCCCC	TP	64	53	117	3840	3184	2.0	53.0	31.0	X	60.48628769667579	Insertion	High_Precision*	0.0269179718608972	384.0	1.3333333333333333	True	Not flagged	K	507.0	18835.0	364.56	142.0	541.65	1.0	3070.0	18.73	3.920676
atypical	pair_4035	4035	normal	none	normal	TN	54	74	128	3240	4440					60.76460037015023		Negative									336.89	144.0	501.06	1.0	2633.0	13.73	3.761927
atypical	pair_4035	4035	mutated	insCCCC	insCCCC	TP	54	74	128	3240	4444	2.0	74.0	49.0	X	60.76776669762013	Insertion	High_Precision*	0.013818475481179	383.0	1.3333333333333333	True	Not flagged	K	308.0	22289.0	371.8	154.5	518.07	1.0	2633.0	20.37	3.687084
atypical	pair_4036	4036	normal	none	normal	TN	125	83	208	7500	4980					62.61776985224543		Negative									314.77	111.5	579.64	1.0	3477.0	8.51	3.70406
atypical	pair_4036	4036	mutated	insCCCC	insCCCC	TP	125	83	208	7504	4980	1.0	125.0	16.0	X	62.62042123518478	Insertion	High_Precision*	0.0229239766081871	391.0	1.3333333333333333	True	Not flagged	W	392.0	17100.0	377.47	128.0	653.27	1.0	3840.0	19.93	3.115607
atypical	pair_4037	4037	normal	none	normal	TN	33	45	78	1980	2700					59.383165713323685		Negative									357.51	183.0	482.07	1.0	2612.0	19.95	2.941728
atypical	pair_4037	4037	mutated	insCCCC	insCCCC	TP	33	45	78	1984	2700	1.0	33.0	26.0	X	59.386893712046884	Insertion	High_Precision*	0.0588651228566377	384.0	1.3333333333333333	True	Not flagged	H	999.0	16971.0	350.33	190.0	427.69	1.0	2157.0	19.51	3.41941
atypical	pair_4038	4038	normal	none	normal	TN	59	85	144	3540	5100					61.17400406868702		Negative									346.09	106.5	616.42	1.0	3249.0	13.93	3.825782
atypical	pair_4038	4038	mutated	insCCCC	insCCCC	TP	59	85	144	3544	5100	1.0	59.0	37.0	X	61.17735649315751	Insertion	High_Precision*	0.0257591623036649	390.0	1.3333333333333333	True	Not flagged	K	615.0	23875.0	375.01	120.0	623.88	1.0	3255.0	20.15	3.510299
atypical	pair_4039	4039	normal	none	normal	TN	69	86	155	4140	5160					61.46409458339865		Negative									371.8	111.0	619.2	1.0	2807.0	19.44	3.042788
atypical	pair_4039	4039	mutated	insCCCC	insCCCC	TP	69	86	155	4140	5164	2.0	86.0	72.0	X	61.467124626822525	Insertion	High_Precision*	0.0098549955204565	371.0	1.3333333333333333	True	Not flagged	B	297.0	30137.0	369.07	106.0	601.56	1.0	2714.0	19.73	3.878854
atypical	pair_4040	4040	normal	none	normal	TN	95	75	170	5700	4500					61.79147939331375		Negative									374.24	122.0	600.46	1.0	3292.0	20.71	3.542233
atypical	pair_4040	4040	mutated	insC_pos23	insC_pos23	FN	95	75	170	5700	4501	2.0	75.0	66.0	E	61.79226878216834		Negative									372.55	134.0	596.79	1.0	3230.0	19.91	3.150423
atypical	pair_4041	4041	normal	none	normal	TN	39	32	71	2340	1920					59.186859598507475		Negative									398.65	147.0	615.66	1.0	3296.0	28.82	3.692449
atypical	pair_4041	4041	mutated	insC_pos23	insC_pos23	TP	39	32	71	2341	1920	1.0	39.0	29.0	A	59.1877682378018	Insertion	High_Precision*	0.0083991475492039	19.0	0.3333333333333333	True	Not flagged	Q	134.0	15954.0	370.39	143.0	599.93	1.0	3378.0	22.93	4.004124
atypical	pair_4042	4042	normal	none	normal	TN	30	46	76	1800	2760					59.318767030521926		Negative									362.13	149.0	615.03	1.0	3558.0	20.04	2.534014
atypical	pair_4042	4042	mutated	insC_pos23	insC_pos23	TP	30	46	76	1801	2760	1.0	30.0	18.0	E	59.31971093133617	Insertion	High_Precision*	0.0167941220572799	15.0	0.3333333333333333	True	Not flagged	S	224.0	13338.0	348.07	148.0	586.13	1.0	3283.0	20.35	3.610626
atypical	pair_4043	4043	normal	none	normal	TN	25	78	103	1500	4680					59.99325317553051		Negative									355.16	188.0	431.53	1.0	2344.0	19.44	2.73971
atypical	pair_4043	4043	mutated	insC_pos23	insC_pos23	TP	25	78	103	1500	4681	2.0	78.0	14.0	A	59.994033636645455	Insertion	High_Precision*	0.0223742933650699	9.0	0.3333333333333333	True	Not flagged	S	376.0	16805.0	355.77	213.0	424.87	1.0	2310.0	19.24	3.603256
atypical	pair_4044	4044	normal	none	normal	TN	39	25	64	2340	1500					58.9606420853199		Negative									384.49	175.0	614.91	0.0	3520.0	26.73	3.317419
atypical	pair_4044	4044	mutated	insC_pos23	insC_pos23	TP	39	25	64	2340	1501	2.0	25.0	13.0	A	58.96160656182342	Insertion	High_Precision*	0.0078800027649132	10.0	0.3333333333333333	True	Not flagged	S	114.0	14467.0	429.61	189.5	648.16	1.0	3577.0	34.15	3.135421
atypical	pair_4045	4045	normal	none	normal	TN	38	52	90	2280	3120					59.73490507724898		Negative									332.14	105.0	611.56	1.0	3434.0	13.62	3.774807
atypical	pair_4045	4045	mutated	insC_pos23	insC_pos23	FN	38	52	90	2280	3121	2.0	52.0	13.0	A	59.735767192143555		Negative									354.16	126.0	617.24	1.0	3355.0	18.51	3.596619
atypical	pair_4046	4046	normal	none	normal	TN	44	52	96	2640	3120					59.91893577218873		Negative									374.12	127.0	688.74	1.0	3933.0	20.31	3.560325
atypical	pair_4046	4046	mutated	insC_pos23	insC_pos23	FN	44	52	96	2640	3121	2.0	52.0	47.0	A	59.9197976064774		Negative									360.76	114.0	672.37	1.0	3810.0	17.88	3.621847
atypical	pair_4047	4047	normal	none	normal	TN	71	60	131	4260	3600					60.82765799879833		Negative									363.9	127.0	586.69	1.0	3272.0	18.82	3.400647
atypical	pair_4047	4047	mutated	insC_pos23	insC_pos23	TP	71	60	131	4260	3601	2.0	60.0	18.0	A	60.82849393005375	Insertion	High_Precision*	0.0300645429939621	42.0	0.3333333333333333	True	Not flagged	J	722.0	24015.0	352.95	124.0	584.38	1.0	3297.0	16.11	3.696944
atypical	pair_4048	4048	normal	none	normal	TN	25	43	68	1500	2580					59.07014233629266		Negative									350.59	158.0	596.93	0.0	3466.0	19.44	3.466513
atypical	pair_4048	4048	mutated	insC_pos23	insC_pos23	TP	25	43	68	1501	2580	1.0	25.0	17.0	A	59.07110681279619	Insertion	High_Precision*	0.0419041068972293	42.0	0.3333333333333333	True	Not flagged	J	853.0	20356.0	327.81	143.0	559.41	1.0	3306.0	14.89	3.801704
atypical	pair_4049	4049	normal	none	normal	TN	94	37	131	5640	2220					60.745507273036196		Negative									369.69	152.0	535.12	1.0	2944.0	21.57	3.351096
atypical	pair_4049	4049	mutated	insC_pos23	insC_pos23	TP	94	37	131	5641	2220	1.0	94.0	25.0	A	60.746243543273245	Insertion	High_Precision*	0.0182972622380009	14.0	0.3333333333333333	True	Not flagged	S	268.0	14647.0	306.27	132.0	493.1	1.0	2823.0	8.42	3.613101
atypical	pair_4050	4050	normal	none	normal	TN	74	86	160	4440	5160					61.58038634571801		Negative									375.57	121.0	615.19	1.0	2985.0	20.64	2.996755
atypical	pair_4050	4050	mutated	insG_pos58	insG_pos58	TP	74	86	160	4441	5160	1.0	74.0	30.0	X	61.58117835956665	Insertion	High_Precision*	0.0094488188976377	77.0	0.3333333333333333	True	Not flagged	D	162.0	17145.0	328.0	111.0	567.0	1.0	2806.0	10.31	3.820232
atypical	pair_4051	4051	normal	none	normal	TN	35	56	91	2100	3360					59.752436775553214		Negative									407.93	143.0	601.49	1.0	2736.0	29.82	3.450267
atypical	pair_4051	4051	mutated	insG_pos58	insG_pos58	TP	35	56	91	2100	3361	2.0	56.0	30.0	B	59.75328539018021	Insertion	High_Precision*	0.0191652077766516	344.0	0.3333333333333333	True	Not flagged	L	208.0	10853.0	358.86	139.0	558.58	0.0	2669.0	19.44	2.899122
atypical	pair_4052	4052	normal	none	normal	TN	25	45	70	1500	2700					59.13038623091896		Negative									344.4	167.0	426.84	1.0	2061.0	20.0	3.576471
atypical	pair_4052	4052	mutated	insG_pos58	insG_pos58	TP	25	45	70	1500	2701	2.0	45.0	7.0	X	59.13127287702724	Insertion	High_Precision*	0.0400403283883047	317.0	0.3333333333333333	True	Not flagged	F	556.0	13886.0	339.71	161.0	425.23	1.0	2014.0	20.35	3.773542
atypical	pair_4053	4053	normal	none	normal	TN	88	67	155	5280	4020					61.44489790944255		Negative									360.82	121.5	564.79	1.0	2726.0	18.2	3.675461
atypical	pair_4053	4053	mutated	insG_pos58	insG_pos58	TP	88	67	155	5281	4020	1.0	88.0	64.0	X	61.44564997834004	Insertion	High_Precision*	0.0059689061632426	106.0	0.3333333333333333	True	Not flagged	D	129.0	21612.0	371.41	123.0	581.88	1.0	2775.0	19.91	3.814507
atypical	pair_4054	4054	normal	none	normal	TN	73	52	125	4380	3120					60.68229993102294		Negative									367.0	171.0	500.82	1.0	2493.0	19.35	3.391751
atypical	pair_4054	4054	mutated	insG_pos58	insG_pos58	TP	73	52	125	4381	3120	1.0	73.0	35.0	X	60.68309500676189	Insertion	High_Precision*	0.0129721480351011	41.0	0.3333333333333333	True	Not flagged	E	204.0	15726.0	353.01	156.0	497.96	1.0	2515.0	16.22	3.007935
atypical	pair_4055	4055	normal	none	normal	TN	75	105	180	4500	6300					62.036028555909056		Negative									373.31	129.0	629.68	1.0	3688.0	20.15	3.563279
atypical	pair_4055	4055	mutated	insG_pos58	insG_pos58	TP	75	105	180	4501	6300	1.0	75.0	21.0	X	62.03681769487798	Insertion	High_Precision*	0.0157100530558809	237.0	0.3333333333333333	True	Not flagged	H	228.0	14513.0	365.16	138.0	608.88	1.0	3449.0	20.08	3.951454
atypical	pair_4056	4056	normal	none	normal	TN	40	55	95	2400	3300					59.86707732985898		Negative									296.64	167.0	354.76	1.0	1702.0	8.15	3.523621
atypical	pair_4056	4056	mutated	insG_pos58	insG_pos58	TP	40	55	95	2400	3301	2.0	55.0	51.0	X	59.867929583800816	Insertion	High_Precision*	0.0178200502897124	105.0	0.3333333333333333	True	Not flagged	L	163.0	9147.0	358.22	214.0	392.02	1.0	1794.0	19.48	3.096222
atypical	pair_4057	4057	normal	none	normal	TN	88	61	149	5280	3660					61.2994395149641		Negative									365.14	123.0	598.4	1.0	3232.0	18.22	3.340508
atypical	pair_4057	4057	mutated	insG_pos58	insG_pos58	TP	88	61	149	5281	3660	1.0	88.0	38.0	X	61.300191427392456	Insertion	High_Precision*	0.0197625623184247	119.0	0.3333333333333333	True	Not flagged	A	551.0	27881.0	369.38	118.0	605.58	1.0	3268.0	18.37	3.894877
atypical	pair_4058	4058	normal	none	normal	TN	84	38	122	5040	2280					60.55220085923564		Negative									372.18	155.0	531.03	1.0	2807.0	21.11	2.752154
atypical	pair_4058	4058	mutated	insG_pos58	insG_pos58	FN	84	38	122	5041	2280	1.0	84.0	62.0	X	60.55296414418953		Negative									337.08	135.0	510.22	0.0	2727.0	15.29	3.723902
atypical	pair_4059	4059	normal	none	normal	TN	71	54	125	4260	3240					60.695502537768554		Negative									374.4	106.0	743.16	1.0	4186.0	20.22	2.928777
atypical	pair_4059	4059	mutated	insG_pos58	insG_pos58	TP	71	54	125	4260	3241	2.0	54.0	46.0	X	60.69635790191262	Insertion	High_Precision*	0.0357257977866122	289.0	0.3333333333333333	True	Not flagged	F	665.0	18614.0	379.24	110.0	718.39	1.0	3986.0	21.24	3.300892
atypical	pair_4060	4060	normal	none	normal	TN	53	44	97	3180	2640					59.94462982893136		Negative									420.99	178.0	606.5	1.0	2835.0	31.37	2.760369
atypical	pair_4060	4060	mutated	insG_pos54	insG_pos54	TP	53	44	97	3180	2641	2.0	44.0	36.0	B	59.94552001017952	Insertion	High_Precision*	0.0340607320170881	265.0	0.3333333333333333	True	Not flagged	O	295.0	8661.0	422.83	172.0	599.95	0.0	2808.0	32.42	4.071132
atypical	pair_4061	4061	normal	none	normal	TN	66	46	112	3960	2760					60.345633173038834		Negative									342.13	171.0	425.92	1.0	1825.0	18.24	3.578943
atypical	pair_4061	4061	mutated	insG_pos54	insG_pos54	TP	66	46	112	3960	2761	2.0	46.0	36.0	B	60.34651621234489	Insertion	High_Precision*	0.0256126547004343	266.0	0.3333333333333333	True	Not flagged	K	625.0	24402.0	362.94	180.0	442.86	1.0	1858.0	19.22	2.916116
atypical	pair_4062	4062	normal	none	normal	TN	28	47	75	1680	2820					59.28424481988027		Negative									351.57	139.0	667.68	1.0	4048.0	18.02	2.660337
atypical	pair_4062	4062	mutated	insG_pos54	insG_pos54	TP	28	47	75	1680	2821	2.0	47.0	24.0	B	59.28512437401882	Insertion	High_Precision*	0.030324074074074	275.0	0.3333333333333333	True	Not flagged	K	524.0	17280.0	357.64	139.0	671.82	1.0	4042.0	19.55	3.422637
atypical	pair_4063	4063	normal	none	normal	TN	87	52	139	5220	3120					61.02118999860055		Negative									365.31	149.0	521.34	1.0	2437.0	20.37	3.595587
atypical	pair_4063	4063	mutated	insG_pos54	insG_pos54	TP	87	52	139	5220	3121	2.0	52.0	11.0	B	61.02205183288922	Insertion	High_Precision*	0.0118992810851011	238.0	0.3333333333333333	True	Not flagged	K	336.0	28237.0	362.34	128.0	531.01	1.0	2503.0	18.08	2.996408
atypical	pair_4064	4064	normal	none	normal	TN	66	20	86	3960	1200					59.537558666960656		Negative									355.14	169.0	433.31	1.0	1864.0	21.2	3.649741
atypical	pair_4064	4064	mutated	insG_pos54	insG_pos54	TP	66	20	86	3961	1200	1.0	66.0	35.0	B	59.538375154437276	Insertion	High_Precision*	0.02171552660152	278.0	0.3333333333333333	True	Not flagged	B	600.0	27630.0	355.84	149.0	451.3	1.0	1894.0	20.0	3.576227
atypical	pair_4065	4065	normal	none	normal	TN	31	57	88	1860	3420					59.658292464350815		Negative									373.75	119.0	686.28	0.0	3939.0	21.42	3.57087
atypical	pair_4065	4065	mutated	insG_pos54	insG_pos54	TP	31	57	88	1860	3421	2.0	57.0	38.0	B	59.65913764803078	Insertion	High_Precision*	0.0135777952246801	245.0	0.3333333333333333	True	Not flagged	K	294.0	21653.0	369.86	123.0	680.76	1.0	3930.0	20.95	3.301915
atypical	pair_4066	4066	normal	none	normal	TN	43	23	66	2580	1380					59.00962879308245		Negative									354.12	137.0	704.33	1.0	4226.0	18.11	2.625623
atypical	pair_4066	4066	mutated	insG_pos54	insG_pos54	TP	43	23	66	2581	1380	1.0	43.0	21.0	B	59.01052282876127	Insertion	High_Precision*	0.0263074884865308	131.0	0.3333333333333333	True	Not flagged	K	417.0	15851.0	354.78	138.0	686.06	1.0	3981.0	20.2	3.660719
atypical	pair_4067	4067	normal	none	normal	TN	96	69	165	5760	4140					61.69431550942484		Negative									375.09	116.0	721.7	1.0	4045.0	20.04	2.793279
atypical	pair_4067	4067	mutated	insG_pos54	insG_pos54	TP	96	69	165	5761	4140	1.0	96.0	63.0	B	61.69504636768933	Insertion	High_Precision*	0.0061995115536351	228.0	0.3333333333333333	True	Not flagged	K	165.0	26615.0	370.79	112.0	714.33	1.0	4069.0	19.2	2.999809
atypical	pair_4068	4068	normal	none	normal	TN	66	89	155	3960	5340					61.4492863665172		Negative									382.83	120.0	608.02	1.0	3251.0	21.51	3.188159
atypical	pair_4068	4068	mutated	insG_pos54	insG_pos54	TP	66	89	155	3961	5340	1.0	66.0	41.0	B	61.450102157257845	Insertion	High_Precision*	0.0091600901916572	20.0	0.3333333333333333	True	Not flagged	H	130.0	14192.0	341.42	115.0	567.81	1.0	3126.0	13.29	3.803854
atypical	pair_4069	4069	normal	none	normal	TN	75	70	145	4500	4200					61.20650193961882		Negative									357.76	155.0	505.97	1.0	2750.0	18.26	3.641064
atypical	pair_4069	4069	mutated	insG_pos54	insG_pos54	TP	75	70	145	4501	4200	1.0	75.0	44.0	B	61.20729066211162	Insertion	High_Precision*	0.0190277912268809	257.0	0.3333333333333333	True	Not flagged	B	393.0	20654.0	349.0	148.5	509.99	0.0	2825.0	14.46	3.901948
atypical	pair_4070	4070	normal	none	normal	TN	71	51	122	4260	3060					60.61003447045558		Negative									377.51	151.0	582.91	1.0	3055.0	20.22	3.096133
atypical	pair_4070	4070	mutated	insA_pos54	insA_pos54	FN	71	51	122	4261	3060	1.0	71.0	10.0	A	60.60877447137917		Negative									357.12	141.0	548.33	1.0	2795.0	16.91	3.674166
atypical	pair_4071	4071	normal	none	normal	TN	58	50	108	3480	3000					60.24293756018073		Negative									375.23	166.0	508.55	1.0	2350.0	21.37	2.86623
atypical	pair_4071	4071	mutated	insA_pos54	insA_pos54	TP	58	50	108	3481	3000	1.0	58.0	22.0	A	60.24164995565332	Insertion	High_Precision*	0.0094681708299758	8.0	0.3333333333333333	True	Not flagged	Q	141.0	14892.0	370.15	154.0	504.42	1.0	2274.0	21.22	2.934027
atypical	pair_4072	4072	normal	none	normal	TN	88	54	142	5280	3240					61.11551313754112		Negative									371.65	119.0	574.05	0.0	2518.0	20.44	2.972585
atypical	pair_4072	4072	mutated	insA_pos54	insA_pos54	TP	88	54	142	5280	3241	2.0	54.0	41.0	A	61.114217038690356	Insertion	High_Precision*	0.0058508528361761	15.0	0.3333333333333333	True	Not flagged	O	118.0	20168.0	326.16	113.0	535.58	0.0	2325.0	10.75	3.848089
atypical	pair_4073	4073	normal	none	normal	TN	86	57	143	5160	3420					61.14891169614383		Negative									363.65	128.0	634.88	1.0	3624.0	18.46	3.574075
atypical	pair_4073	4073	mutated	insA_pos54	insA_pos54	FN	86	57	143	5161	3420	1.0	86.0	67.0	A	61.14768185795518		Negative									358.46	137.0	615.94	1.0	3584.0	17.49	3.542181
atypical	pair_4074	4074	normal	none	normal	TN	104	88	192	6240	5280					62.3283372568694		Negative									374.22	133.0	607.71	1.0	3256.0	19.84	3.59411
atypical	pair_4074	4074	mutated	insA_pos54	insA_pos54	FN	104	88	192	6241	5280	1.0	104.0	22.0	A	62.32714281424517		Negative									369.14	116.0	633.47	1.0	3440.0	18.82	3.463622
atypical	pair_4075	4075	normal	none	normal	TN	90	68	158	5400	4080					61.51408690192795		Negative									366.25	129.0	545.12	1.0	2659.0	19.0	3.349471
atypical	pair_4075	4075	mutated	insA_pos54	insA_pos54	FN	90	68	158	5400	4081	2.0	68.0	28.0	A	61.51282041221115		Negative									362.15	128.0	543.79	1.0	2666.0	18.06	3.427382
atypical	pair_4076	4076	normal	none	normal	TN	85	110	195	5100	6600					62.39013120450529		Negative									378.69	98.0	664.72	1.0	3477.0	21.13	3.122964
atypical	pair_4076	4076	mutated	insA_pos54	insA_pos54	FN	85	110	195	5101	6600	1.0	85.0	13.0	A	62.388899447734914		Negative									372.19	102.0	651.08	1.0	3366.0	20.46	3.521782
atypical	pair_4077	4077	normal	none	normal	TN	49	72	121	2940	4320					60.57672439258019		Negative									371.13	149.0	551.55	1.0	2973.0	20.22	3.402879
atypical	pair_4077	4077	mutated	insA_pos54	insA_pos54	TP	49	72	121	2940	4321	2.0	72.0	31.0	A	60.57546646070303	Insertion	High_Precision	0.0053112248202603	16.0	0.3333333333333333	True	Not flagged	G	82.0	15439.0	331.63	137.0	510.02	1.0	2782.0	14.24	3.554106
atypical	pair_4078	4078	normal	none	normal	TN	92	47	139	5520	2820					61.00089909033213		Negative									351.55	142.0	567.28	1.0	3030.0	17.49	3.625361
atypical	pair_4078	4078	mutated	insA_pos54	insA_pos54	FN	92	47	139	5521	2820	1.0	92.0	83.0	A	60.99968136429448		Negative									360.91	144.0	556.16	1.0	2973.0	19.0	3.72617
atypical	pair_4079	4079	normal	none	normal	TN	62	102	164	3720	6120					61.643168512688874		Negative									367.49	134.0	570.61	1.0	3194.0	19.02	3.529606
atypical	pair_4079	4079	mutated	insA_pos54	insA_pos54	TP	62	102	164	3721	6120	1.0	62.0	36.0	A	61.64188941467531	Insertion	High_Precision*	0.009829894032348	6.0	0.3333333333333333	True	Not flagged	V	141.0	14344.0	360.24	125.0	579.54	1.0	3194.0	18.66	3.525455
atypical	pair_4080	4080	normal	none	normal	TN	76	37	113	4560	2220					60.327645956778085		Negative									366.92	128.0	657.32	1.0	3833.0	20.02	3.473229
atypical	pair_4080	4080	mutated	delGCCCA	delGCCCA	FN	76	37	113	4555	2220	1.0	76.0	45.0	V	60.32575065692275		Negative									371.85	126.0	663.24	0.0	3833.0	20.46	2.944875
atypical	pair_4081	4081	normal	none	normal	TN	43	111	154	2580	6660					61.30465355488562		Negative									366.75	131.0	560.45	1.0	2878.0	19.68	3.503342
atypical	pair_4081	4081	mutated	delGCCCA	delGCCCA	FN	43	111	154	2580	6655	2.0	111.0	18.0	B	61.303057770458366		Negative									317.6	123.0	512.27	0.0	2710.0	9.15	3.681128
atypical	pair_4082	4082	normal	none	normal	TN	68	46	114	4080	2760					60.39313156496506		Negative									352.2	136.0	504.9	1.0	2121.0	16.57	3.570321
atypical	pair_4082	4082	mutated	delGCCCA	delGCCCA	TP	68	46	114	4075	2760	1.0	68.0	9.0	X	60.39115735645966	Deletion	High_Precision*	0.0102898078801693	1.0	-1.6666666666666667	True	Not flagged	S	158.0	15355.0	351.12	129.0	509.02	1.0	2183.0	16.97	3.680101
atypical	pair_4083	4083	normal	none	normal	TN	20	59	79	1200	3540					59.36243808210833		Negative									351.19	179.0	466.39	1.0	2572.0	19.57	3.286424
atypical	pair_4083	4083	mutated	delGCCCA	delGCCCA	TP	20	59	79	1200	3535	2.0	59.0	11.0	X	59.36036954195077	Deletion	High_Precision*	0.0298775618844823	18.0	-1.6666666666666667	True	Not flagged	Q	449.0	15028.0	335.92	173.0	463.64	1.0	2600.0	16.35	3.613602
atypical	pair_4084	4084	normal	none	normal	TN	53	40	93	3180	2400					59.807338530753114		Negative									380.59	136.0	684.87	1.0	3718.0	22.42	3.103707
atypical	pair_4084	4084	mutated	delGCCCA	delGCCCA	TP	53	40	93	3180	2395	2.0	40.0	15.0	X	59.80504409321922	Deletion	High_Precision*	0.0225168145043376	60.0	-1.6666666666666667	True	Not flagged	K	231.0	10259.0	349.14	130.0	641.16	1.0	3544.0	16.86	3.463666
atypical	pair_4085	4085	normal	none	normal	TN	81	122	203	4860	7320					62.53545624162955		Negative									362.32	113.0	655.3	1.0	3825.0	16.91	3.190084
atypical	pair_4085	4085	mutated	delGCCCA	delGCCCA	TP	81	122	203	4855	7320	1.0	81.0	21.0	B	62.53360965046758	Deletion	High_Precision*	0.0255973481883891	12.0	-1.6666666666666667	True	Not flagged	S	556.0	21721.0	377.14	129.0	649.93	1.0	3764.0	20.8	3.483422
atypical	pair_4086	4086	normal	none	normal	TN	89	81	170	5340	4860					61.808998584654965		Negative									366.88	128.0	630.56	1.0	3575.0	18.71	3.396966
atypical	pair_4086	4086	mutated	delGCCCA	delGCCCA	FN	89	81	170	5335	4860	1.0	89.0	38.0	X	61.80722168477399		Negative									375.76	133.0	637.36	1.0	3611.0	20.02	2.932989
atypical	pair_4087	4087	normal	none	normal	TN	59	91	150	3540	5460					61.31176496892188		Negative									369.4	125.0	608.03	1.0	3354.0	19.77	2.890851
atypical	pair_4087	4087	mutated	delGCCCA	delGCCCA	TP	59	91	150	3535	5460	1.0	59.0	12.0	X	61.30969552625989	Deletion	High_Precision*	0.0123118438251043	17.0	-1.6666666666666667	True	Not flagged	S	292.0	23717.0	367.73	125.0	587.34	1.0	3212.0	19.35	2.861578
atypical	pair_4088	4088	normal	none	normal	TN	68	76	144	4080	4560					61.18425146363371		Negative									354.24	146.0	482.55	0.0	2423.0	16.75	3.489551
atypical	pair_4088	4088	mutated	delGCCCA	delGCCCA	TP	68	76	144	4075	4560	1.0	68.0	15.0	E	61.1822763926519	Deletion	High_Precision	0.0082714382174206	29.0	-1.6666666666666667	True	Not flagged	Q	98.0	11848.0	363.3	153.0	491.57	1.0	2418.0	18.28	3.56075
atypical	pair_4089	4089	normal	none	normal	TN	82	24	106	4920	1440					60.071426325435425		Negative									350.98	129.0	565.1	1.0	3051.0	17.26	3.566083
atypical	pair_4089	4089	mutated	delGCCCA	delGCCCA	TP	82	24	106	4915	1440	1.0	82.0	61.0	E	60.0695878112448	Deletion	High_Precision*	0.0075946620375393	17.0	-1.6666666666666667	True	Not flagged	J	140.0	18434.0	363.09	147.0	556.28	0.0	2952.0	20.26	3.206123
atypical	pair_4090	4090	normal	none	normal	TN	50	58	108	3000	3480					60.24719650396267		Negative									358.76	144.0	606.54	1.0	3460.0	17.11	3.658363
atypical	pair_4090	4090	mutated	ins25bp	ins25bp	TP	50	58	108	3025	3480	1.0	50.0	13.0	A	60.260216378390275	Insertion	High_Precision*	0.0263232061326869	99.0	0.3333333333333333	True	Not flagged	S	467.0	17741.0	354.41	144.0	600.03	0.0	3452.0	16.42	3.678333
atypical	pair_4091	4091	normal	none	normal	TN	62	96	158	3720	5760					61.49587448807516		Negative									376.65	136.0	558.41	1.0	2784.0	20.57	3.283067
atypical	pair_4091	4091	mutated	ins25bp	ins25bp	FN	62	96	158	3720	5785	2.0	96.0	68.0	X	61.50638378196142		Negative									374.69	139.0	558.75	1.0	2781.0	20.06	3.341193
atypical	pair_4092	4092	normal	none	normal	TN	75	48	123	4500	2880					60.63384472670187		Negative									373.56	122.5	632.8	0.0	3621.0	20.55	3.04843
atypical	pair_4092	4092	mutated	ins25bp	ins25bp	TP	75	48	123	4525	2880	1.0	75.0	22.0	A	60.64538646878097	Insertion	High_Precision*	0.032792172884636	100.0	0.3333333333333333	True	Not flagged	S	610.0	18602.0	359.01	123.0	627.77	0.0	3669.0	17.55	3.388908
atypical	pair_4093	4093	normal	none	normal	TN	85	51	136	5100	3060					60.944874448433495		Negative									355.34	153.0	472.62	0.0	2461.0	16.89	3.038225
atypical	pair_4093	4093	mutated	ins25bp	ins25bp	TP	85	51	136	5125	3060	1.0	85.0	8.0	X	60.95590693540105	Insertion	High_Precision*	0.0130855945165127	339.0	0.3333333333333333	True	Not flagged	S	231.0	17653.0	355.55	159.0	476.34	1.0	2541.0	17.77	3.728773
atypical	pair_4094	4094	normal	none	normal	TN	52	81	133	3120	4860					60.89211348256117		Negative									359.98	124.0	639.11	1.0	3447.0	17.93	2.723221
atypical	pair_4094	4094	mutated	ins25bp	ins25bp	TP	52	81	133	3145	4860	1.0	52.0	14.0	X	60.90499582279473	Insertion	High_Precision*	0.0197852261633582	406.0	0.3333333333333333	True	Not flagged	M	304.0	15365.0	359.47	112.0	645.79	1.0	3462.0	18.0	3.812985
atypical	pair_4095	4095	normal	none	normal	TN	78	22	100	4680	1320					59.89987791194456		Negative									347.19	175.0	505.9	1.0	2931.0	18.8	3.22622
atypical	pair_4095	4095	mutated	ins25bp	ins25bp	TP	78	22	100	4680	1345	2.0	22.0	9.0	X	59.91491607924607	Insertion	High_Precision*	0.040234375	242.0	0.3333333333333333	True	Not flagged	A	103.0	2560.0	331.12	186.0	457.76	1.0	2633.0	17.13	3.273525
atypical	pair_4096	4096	normal	none	normal	TN	34	28	62	2040	1680					58.90517325091581		Negative									321.41	208.0	351.33	0.0	1626.0	16.53	3.474485
atypical	pair_4096	4096	mutated	ins25bp	ins25bp	TP	34	28	62	2040	1705	2.0	28.0	9.0	A	58.91973076950413	Insertion	High_Precision*	0.2817574021012416	193.0	0.3333333333333333	True	Not flagged	Q	295.0	1047.0	331.56	188.0	351.69	1.0	1480.0	18.95	3.286478
atypical	pair_4097	4097	normal	none	normal	TN	64	77	141	3840	4620					61.096710264476414		Negative									372.7	149.0	566.44	1.0	3246.0	20.24	2.833458
atypical	pair_4097	4097	mutated	ins25bp	ins25bp	TP	64	77	141	3865	4620	1.0	64.0	37.0	X	61.10887671530371	Insertion	High_Precision*	0.0095747676710785	332.0	0.3333333333333333	True	Not flagged	S	136.0	14204.0	288.61	128.0	452.98	1.0	2636.0	5.04	3.821888
atypical	pair_4098	4098	normal	none	normal	TN	51	62	113	3060	3720					60.380693593514394		Negative									325.82	124.0	627.77	1.0	3626.0	12.24	3.518556
atypical	pair_4098	4098	mutated	ins25bp	ins25bp	TP	51	62	113	3085	3720	1.0	51.0	42.0	X	60.393639734524626	Insertion	High_Precision*	0.0092276144907723	382.0	0.3333333333333333	True	Not flagged	S	162.0	17556.0	373.93	128.0	711.25	1.0	4069.0	19.66	3.627182
atypical	pair_4099	4099	normal	none	normal	TN	55	64	119	3300	3840					60.544461286977565		Negative									350.17	148.0	613.04	1.0	3373.0	15.77	3.574171
atypical	pair_4099	4099	mutated	ins25bp	ins25bp	TP	55	64	119	3300	3865	2.0	64.0	54.0	A	60.55661675249459	Insertion	High_Precision*	0.0238648363252375	92.0	0.3333333333333333	True	Not flagged	S	565.0	23675.0	351.39	125.0	631.59	1.0	3497.0	15.53	3.386081
