Sample,runtime,version,assembly,pipeline,cov_mean,cov_median,cov_stdev,cov_min,cov_max,cov_region_length,cov_uncovered_bases,cov_percent_uncovered
S000021_S14702Nr3,11.01 seconds,2.0.0-beta.3,hg38,BWA,91.13,65.00,102.43,1,492,4501,375,8.33
S000021_S6265Nr45,44.43 seconds,2.0.0-beta.3,hg38,BWA,512.39,269.00,727.84,1,3999,4501,217,4.82
S000021_S9089Nr11,13.69 seconds,2.0.0-beta.3,hg38,BWA,264.65,171.00,321.19,1,1708,4501,310,6.89
S000021_S8967Nr3,14.98 seconds,2.0.0-beta.3,hg38,BWA,173.33,124.00,176.38,1,900,4501,300,6.67
S000021_S11409Nr2,13.44 seconds,2.0.0-beta.3,hg38,BWA,91.73,78.00,82.56,1,405,4501,390,8.66
S000021_S5041Nr59,17.71 seconds,2.0.0-beta.3,hg38,BWA,196.90,81.00,281.03,1,1403,4501,188,4.18
S000021_S15178Nr2,12.69 seconds,2.0.0-beta.3,hg38,BWA,125.13,92.00,136.60,1,734,4501,436,9.69
S000021_S10233Nr2,10.90 seconds,2.0.0-beta.3,hg38,BWA,126.27,108.00,118.82,1,616,4501,322,7.15
S000021_S7977Nr4,13.45 seconds,2.0.0-beta.3,hg38,BWA,275.99,173.00,329.17,1,1695,4501,275,6.11
10362_S20,7.10 seconds,2.0.0-beta.3,hg38,BWA,147.95,50.00,160.24,1,422,4501,2362,52.48
S000021_S6716Nr62,16.21 seconds,2.0.0-beta.3,hg38,BWA,213.97,136.00,257.93,1,1338,4501,285,6.33
S000021_S12815Nr1,12.18 seconds,2.0.0-beta.3,hg38,BWA,92.75,84.50,77.51,1,366,4501,395,8.78
S000021_S6113Nr73,21.25 seconds,2.0.0-beta.3,hg38,BWA,526.82,269.00,762.03,1,4019,4501,246,5.47
S000021_S8967Nr12,11.67 seconds,2.0.0-beta.3,hg38,BWA,104.40,88.00,94.56,1,485,4501,267,5.93
S000021_S6716Nr24,20.04 seconds,2.0.0-beta.3,hg38,BWA,368.72,221.00,457.91,1,2333,4501,197,4.38
S000021_S5041Nr33,17.53 seconds,2.0.0-beta.3,hg38,BWA,241.60,130.00,342.91,1,1936,4501,211,4.69
S000021_S6716Nr31,15.43 seconds,2.0.0-beta.3,hg38,BWA,313.93,204.00,380.35,1,1989,4501,242,5.38
S000021_S6716Nr17,16.40 seconds,2.0.0-beta.3,hg38,BWA,177.62,106.00,220.54,1,1173,4501,279,6.20
S000021_S2973Nr1,19.37 seconds,2.0.0-beta.3,hg38,BWA,576.78,358.00,711.85,1,3572,4501,236,5.24
S000021_S10486Nr4,11.74 seconds,2.0.0-beta.3,hg38,BWA,88.43,82.50,68.28,1,290,4501,351,7.80
S000021_S11890Nr2,13.31 seconds,2.0.0-beta.3,hg38,BWA,132.97,87.00,170.08,1,975,4501,278,6.18
S000021_S14914Nr1,13.41 seconds,2.0.0-beta.3,hg38,BWA,149.88,76.00,214.78,1,1084,4501,419,9.31
S000021_S9786Nr11,14.21 seconds,2.0.0-beta.3,hg38,BWA,177.25,112.00,213.70,1,1164,4501,294,6.53
S000021_S12815Nr3,12.03 seconds,2.0.0-beta.3,hg38,BWA,132.70,90.00,157.67,1,829,4501,385,8.55
11032_S53,5.47 seconds,2.0.0-beta.3,hg38,BWA,25.36,24.00,21.15,1,64,4501,2740,60.88
S000021_S3673Nr4,16.80 seconds,2.0.0-beta.3,hg38,BWA,437.94,254.00,540.92,1,2819,4501,218,4.84
S000021_S14410Nr1,11.11 seconds,2.0.0-beta.3,hg38,BWA,125.44,96.00,123.75,1,520,4501,483,10.73
S000021_S9786Nr18,14.37 seconds,2.0.0-beta.3,hg38,BWA,156.40,110.00,179.37,1,982,4501,280,6.22
11083_S7,9.10 seconds,2.0.0-beta.3,hg38,BWA,150.90,40.50,177.94,1,473,4501,2115,46.99
S000021_S6265Nr4,14.08 seconds,2.0.0-beta.3,hg38,BWA,176.48,119.00,194.98,1,961,4501,233,5.18
10906_S71,8.45 seconds,2.0.0-beta.3,hg38,BWA,65.85,5.00,84.58,0,234,4501,1513,33.61
S000021_S5041Nr63,17.09 seconds,2.0.0-beta.3,hg38,BWA,142.24,112.00,136.60,1,652,4501,278,6.18
S000021_S5939Nr2,17.83 seconds,2.0.0-beta.3,hg38,BWA,272.24,165.00,342.39,1,1877,4501,212,4.71
S000021_S5041Nr9,13.26 seconds,2.0.0-beta.3,hg38,BWA,115.51,84.00,119.55,1,517,4501,219,4.87
S000021_S9786Nr7,14.90 seconds,2.0.0-beta.3,hg38,BWA,169.69,108.00,203.77,1,1166,4501,307,6.82
S000021_S10296Nr1,11.84 seconds,2.0.0-beta.3,hg38,BWA,132.97,81.00,172.92,1,931,4501,286,6.35
S000021_S5041Nr30,16.34 seconds,2.0.0-beta.3,hg38,BWA,139.33,112.00,126.51,0,589,4501,274,6.09
S000021_S11310Nr1,14.26 seconds,2.0.0-beta.3,hg38,BWA,138.98,78.00,175.49,1,921,4501,300,6.67
S000021_S9457Nr5,13.59 seconds,2.0.0-beta.3,hg38,BWA,129.66,98.00,142.56,1,762,4501,393,8.73
S000021_S6265Nr37,28.12 seconds,2.0.0-beta.3,hg38,BWA,289.78,177.00,363.66,1,1909,4501,225,5.00
S000021_S14276Nr2,13.70 seconds,2.0.0-beta.3,hg38,BWA,148.14,77.00,211.25,0,1125,4501,308,6.84
S000021_S7977Nr3,14.16 seconds,2.0.0-beta.3,hg38,BWA,285.03,170.00,357.88,0,1840,4501,219,4.87
S000021_S6315Nr1,12.59 seconds,2.0.0-beta.3,hg38,BWA,160.11,105.00,195.15,1,1069,4501,298,6.62
10111_S27,5.18 seconds,2.0.0-beta.3,hg38,BWA,78.83,18.00,88.14,1,241,4501,2267,50.37
11026_S51,5.27 seconds,2.0.0-beta.3,hg38,BWA,22.75,11.00,23.01,1,67,4501,2395,53.21
S000021_S8912Nr4,12.60 seconds,2.0.0-beta.3,hg38,BWA,148.82,124.00,132.84,1,694,4501,317,7.04
S000021_S2997Nr1,17.81 seconds,2.0.0-beta.3,hg38,BWA,741.97,415.00,1020.19,1,5371,4501,232,5.15
10868_S74,8.10 seconds,2.0.0-beta.3,hg38,BWA,139.89,8.00,183.06,1,531,4501,1812,40.26
S000021_S11353Nr2,11.78 seconds,2.0.0-beta.3,hg38,BWA,134.26,71.00,182.36,1,1002,4501,282,6.27
S000021_S6113Nr58,15.12 seconds,2.0.0-beta.3,hg38,BWA,280.60,178.00,355.28,1,1906,4501,240,5.33
S000021_S6716Nr41,61.78 seconds,2.0.0-beta.3,hg38,BWA,351.67,166.00,510.97,1,2674,4501,243,5.40
10377_S82,7.52 seconds,2.0.0-beta.3,hg38,BWA,133.92,25.00,160.91,1,438,4501,2103,46.72
S000021_S8130Nr4,14.87 seconds,2.0.0-beta.3,hg38,BWA,203.82,153.00,216.23,1,1092,4501,253,5.62
S000021_S10757Nr4,11.35 seconds,2.0.0-beta.3,hg38,BWA,136.66,78.00,174.76,1,981,4501,426,9.46
S000021_S5096Nr4,52.58 seconds,2.0.0-beta.3,hg38,BWA,419.67,227.00,541.09,1,2668,4501,179,3.98
S000021_S9089Nr1,15.21 seconds,2.0.0-beta.3,hg38,BWA,247.01,134.00,349.29,1,1896,4501,300,6.67
S000021_S11643Nr2,12.09 seconds,2.0.0-beta.3,hg38,BWA,115.50,79.00,134.11,1,771,4501,356,7.91
S000021_S5041Nr56,18.31 seconds,2.0.0-beta.3,hg38,BWA,266.28,113.00,380.70,1,1939,4501,220,4.89
10994_S31,7.47 seconds,2.0.0-beta.3,hg38,BWA,35.10,9.00,40.93,0,129,4501,1402,31.15
S000021_S9089Nr10,15.29 seconds,2.0.0-beta.3,hg38,BWA,417.91,226.00,592.94,1,3207,4501,248,5.51
10221_S49,7.46 seconds,2.0.0-beta.3,hg38,BWA,69.19,9.00,86.72,1,274,4501,1848,41.06
S000021_S15013Nr3,17.55 seconds,2.0.0-beta.3,hg38,BWA,117.73,76.00,137.11,1,712,4501,481,10.69
S000021_S6113Nr26,48.58 seconds,2.0.0-beta.3,hg38,BWA,267.04,135.00,398.33,1,2223,4501,266,5.91
10642_S19,6.81 seconds,2.0.0-beta.3,hg38,BWA,19.64,5.00,22.42,1,70,4501,1693,37.61
11008_S52,8.62 seconds,2.0.0-beta.3,hg38,BWA,130.18,27.00,157.99,0,429,4501,1975,43.88
S000021_S9786Nr23,14.42 seconds,2.0.0-beta.3,hg38,BWA,180.44,115.00,220.87,1,1237,4501,202,4.49
11240_S34,9.89 seconds,2.0.0-beta.3,hg38,BWA,104.25,7.00,151.16,0,452,4501,1292,28.70
S000021_S9457Nr7,14.46 seconds,2.0.0-beta.3,hg38,BWA,177.28,96.00,253.28,1,1435,4501,301,6.69
S000021_S11068Nr5,14.25 seconds,2.0.0-beta.3,hg38,BWA,108.07,93.00,95.10,1,457,4501,411,9.13
S000021_S8967Nr5,13.42 seconds,2.0.0-beta.3,hg38,BWA,159.86,103.00,189.09,0,993,4501,265,5.89
11005_S41,8.30 seconds,2.0.0-beta.3,hg38,BWA,92.99,12.00,127.21,1,396,4501,1344,29.86
S000021_S5041Nr35,15.50 seconds,2.0.0-beta.3,hg38,BWA,192.19,123.00,233.16,1,1235,4501,254,5.64
S000021_S7869Nr3,14.05 seconds,2.0.0-beta.3,hg38,BWA,557.35,258.00,828.12,1,4384,4501,214,4.75
S000021_S6716Nr9,15.48 seconds,2.0.0-beta.3,hg38,BWA,342.91,190.50,416.16,1,1837,4501,229,5.09
S000021_S11890Nr5,69.50 seconds,2.0.0-beta.3,hg38,BWA,118.89,97.00,114.52,1,531,4501,354,7.86
S000021_S10757Nr5,11.67 seconds,2.0.0-beta.3,hg38,BWA,103.48,89.00,90.21,1,448,4501,464,10.31
S000021_S5328Nr1,18.45 seconds,2.0.0-beta.3,hg38,BWA,308.27,192.00,371.97,1,1873,4501,157,3.49
10999_S21,8.85 seconds,2.0.0-beta.3,hg38,BWA,52.84,9.00,66.63,1,185,4501,1331,29.57
S000021_S3344Nr2,15.42 seconds,2.0.0-beta.3,hg38,BWA,220.22,187.50,198.44,1,909,4501,271,6.02
S000021_S12235Nr1,11.34 seconds,2.0.0-beta.3,hg38,BWA,158.96,95.00,186.83,1,856,4501,313,6.95
S000021_S10486Nr5,12.33 seconds,2.0.0-beta.3,hg38,BWA,111.47,81.00,128.18,1,699,4501,313,6.95
S000021_S12160Nr2,11.08 seconds,2.0.0-beta.3,hg38,BWA,90.59,77.00,77.67,1,387,4501,363,8.06
11052_S79,8.17 seconds,2.0.0-beta.3,hg38,BWA,93.75,8.00,121.21,1,323,4501,1647,36.59
S000021_S14460Nr4,11.36 seconds,2.0.0-beta.3,hg38,BWA,135.32,87.00,161.78,1,871,4501,440,9.78
S000021_S8967Nr2,12.35 seconds,2.0.0-beta.3,hg38,BWA,176.15,123.00,199.19,1,1049,4501,254,5.64
S000021_S3344Nr4,15.88 seconds,2.0.0-beta.3,hg38,BWA,344.39,189.00,482.41,0,2597,4501,188,4.18
10636_S57,7.19 seconds,2.0.0-beta.3,hg38,BWA,102.82,18.00,121.57,1,315,4501,2122,47.15
10241_S55,3.93 seconds,2.0.0-beta.3,hg38,BWA,158.38,190.00,121.98,1,343,4501,3130,69.54
10489_S7,8.36 seconds,2.0.0-beta.3,hg38,BWA,45.98,10.00,56.17,1,184,4501,1558,34.61
S000021_S14937Nr3,11.78 seconds,2.0.0-beta.3,hg38,BWA,94.02,78.00,85.83,0,389,4501,456,10.13
S000021_S13396Nr3,12.26 seconds,2.0.0-beta.3,hg38,BWA,148.20,81.00,195.46,1,1067,4501,294,6.53
S000021_S10486Nr1,13.80 seconds,2.0.0-beta.3,hg38,BWA,146.30,86.00,196.46,1,1101,4501,232,5.15
S000021_S5041Nr17,25.35 seconds,2.0.0-beta.3,hg38,BWA,439.90,263.00,556.91,1,2954,4501,207,4.60
S000021_S6265Nr50,33.94 seconds,2.0.0-beta.3,hg38,BWA,223.15,170.00,223.42,1,1087,4501,282,6.27
28140_S1,7.29 seconds,2.0.0-beta.3,hg38,BWA,44.71,7.00,56.68,0,165,4501,1504,33.41
S000021_S6113Nr17,26.92 seconds,2.0.0-beta.3,hg38,BWA,233.05,145.00,289.30,1,1488,4501,221,4.91
S000021_S9089Nr8,14.90 seconds,2.0.0-beta.3,hg38,BWA,293.28,178.00,368.91,1,1870,4501,289,6.42
S000021_S5041Nr15,18.15 seconds,2.0.0-beta.3,hg38,BWA,231.84,141.00,290.77,1,1542,4501,239,5.31
S000021_S6265Nr57,49.87 seconds,2.0.0-beta.3,hg38,BWA,194.91,156.00,181.84,1,853,4501,268,5.95
S000021_S6716Nr53,15.80 seconds,2.0.0-beta.3,hg38,BWA,234.62,196.00,217.98,1,1016,4501,293,6.51
S000021_S9609Nr3,13.55 seconds,2.0.0-beta.3,hg38,BWA,89.88,66.00,88.25,1,446,4501,492,10.93
8175_S66,9.61 seconds,2.0.0-beta.3,hg38,BWA,96.28,7.00,134.32,1,404,4501,1504,33.41
S000021_S9089Nr4,18.54 seconds,2.0.0-beta.3,hg38,BWA,423.07,284.00,466.74,1,1991,4501,250,5.55
10652_S44,8.46 seconds,2.0.0-beta.3,hg38,BWA,76.76,6.00,109.28,1,308,4501,1251,27.79
S000021_S9786Nr16,14.36 seconds,2.0.0-beta.3,hg38,BWA,175.00,119.00,208.20,1,1082,4501,236,5.24
S000021_S8912Nr2,13.75 seconds,2.0.0-beta.3,hg38,BWA,191.62,127.00,222.57,0,1187,4501,279,6.20
10663_S53,7.23 seconds,2.0.0-beta.3,hg38,BWA,70.76,6.00,103.32,1,336,4501,1407,31.26
S000021_S6716Nr64,15.25 seconds,2.0.0-beta.3,hg38,BWA,257.05,132.00,371.22,1,2048,4501,263,5.84
S000021_S7414Nr1,14.51 seconds,2.0.0-beta.3,hg38,BWA,187.87,115.00,231.02,1,1100,4501,288,6.40
S000021_S11310Nr2,12.59 seconds,2.0.0-beta.3,hg38,BWA,125.41,70.00,166.13,1,855,4501,267,5.93
S000021_S6113Nr23,71.75 seconds,2.0.0-beta.3,hg38,BWA,186.61,120.00,211.97,1,955,4501,294,6.53
S000021_S5041Nr3,15.95 seconds,2.0.0-beta.3,hg38,BWA,209.12,98.00,314.79,1,1758,4501,221,4.91
11089_S21,6.85 seconds,2.0.0-beta.3,hg38,BWA,104.76,9.00,138.00,1,383,4501,1894,42.08
S000021_S6265Nr58,21.41 seconds,2.0.0-beta.3,hg38,BWA,544.73,261.50,806.33,1,4326,4501,127,2.82
S000021_S9670Nr1,12.95 seconds,2.0.0-beta.3,hg38,BWA,101.69,86.00,94.44,0,509,4501,354,7.86
S000021_S3390Nr2,17.72 seconds,2.0.0-beta.3,hg38,BWA,211.47,162.00,211.51,1,1008,4501,350,7.78
10658_S47,6.84 seconds,2.0.0-beta.3,hg38,BWA,87.82,6.00,116.64,1,329,4501,1609,35.75
8167_S9,11.02 seconds,2.0.0-beta.3,hg38,BWA,149.72,8.00,207.66,1,602,4501,1548,34.39
28147_S12,8.14 seconds,2.0.0-beta.3,hg38,BWA,47.17,10.00,55.87,1,158,4501,1701,37.79
S000021_S6716Nr30,17.50 seconds,2.0.0-beta.3,hg38,BWA,386.91,288.00,392.77,1,1819,4501,277,6.15
S000021_S6716Nr49,16.10 seconds,2.0.0-beta.3,hg38,BWA,356.96,175.00,490.86,1,2715,4501,224,4.98
S000021_S6265Nr11,13.92 seconds,2.0.0-beta.3,hg38,BWA,154.83,115.00,154.16,1,699,4501,292,6.49
10235_S2,9.57 seconds,2.0.0-beta.3,hg38,BWA,76.13,10.00,105.49,1,293,4501,1123,24.95
S000021_S2973Nr4,18.42 seconds,2.0.0-beta.3,hg38,BWA,498.68,372.00,498.77,1,2019,4501,226,5.02
S000021_S5041Nr51,15.96 seconds,2.0.0-beta.3,hg38,BWA,125.65,91.00,132.25,1,607,4501,273,6.07
S000021_S9791Nr1,17.02 seconds,2.0.0-beta.3,hg38,BWA,104.13,77.00,96.28,1,435,4501,341,7.58
S000021_S6265Nr41,33.00 seconds,2.0.0-beta.3,hg38,BWA,164.19,97.00,212.95,1,1150,4501,223,4.95
S000021_S6265Nr20,14.88 seconds,2.0.0-beta.3,hg38,BWA,175.11,108.00,221.99,1,1137,4501,260,5.78
10949_S64,10.14 seconds,2.0.0-beta.3,hg38,BWA,116.86,9.00,152.96,1,407,4501,1471,32.68
S000021_S14411Nr2,12.21 seconds,2.0.0-beta.3,hg38,BWA,146.85,93.00,177.03,1,912,4501,450,10.00
S000021_S9349Nr6,14.59 seconds,2.0.0-beta.3,hg38,BWA,233.71,161.00,252.65,1,1118,4501,265,5.89
S000021_S6113Nr44,49.01 seconds,2.0.0-beta.3,hg38,BWA,197.78,158.00,189.52,1,938,4501,246,5.47
S000021_S7518Nr1,13.51 seconds,2.0.0-beta.3,hg38,BWA,335.82,248.00,334.72,1,1590,4501,303,6.73
S000021_S6265Nr44,14.01 seconds,2.0.0-beta.3,hg38,BWA,213.69,146.50,240.61,1,1274,4501,217,4.82
S000021_S6716Nr42,101.81 seconds,2.0.0-beta.3,hg38,BWA,306.85,195.00,326.91,1,1435,4501,336,7.47
S000021_S14805Nr3,11.36 seconds,2.0.0-beta.3,hg38,BWA,151.13,101.00,182.37,1,917,4501,380,8.44
S000021_S6113Nr40,39.79 seconds,2.0.0-beta.3,hg38,BWA,617.28,368.00,798.63,1,4007,4501,194,4.31
S000021_S5041Nr19,14.50 seconds,2.0.0-beta.3,hg38,BWA,133.05,97.00,137.60,0,635,4501,337,7.49
10267_S15,8.71 seconds,2.0.0-beta.3,hg38,BWA,63.05,12.00,87.82,0,267,4501,1042,23.15
S000021_S3511Nr2,15.46 seconds,2.0.0-beta.3,hg38,BWA,246.26,166.00,249.31,1,1181,4501,284,6.31
S000021_S6113Nr46,17.03 seconds,2.0.0-beta.3,hg38,BWA,359.33,170.00,540.51,1,2961,4501,231,5.13
S000021_S6265Nr38,26.87 seconds,2.0.0-beta.3,hg38,BWA,275.21,189.00,309.37,1,1571,4501,264,5.87
10481_S7,8.81 seconds,2.0.0-beta.3,hg38,BWA,85.72,7.00,110.21,0,297,4501,1722,38.26
S000021_S12007Nr3,11.32 seconds,2.0.0-beta.3,hg38,BWA,156.10,80.00,218.21,1,1166,4501,254,5.64
S000021_S9786Nr9,14.74 seconds,2.0.0-beta.3,hg38,BWA,205.53,110.00,291.25,1,1668,4501,277,6.15
S000021_S12412Nr4,13.52 seconds,2.0.0-beta.3,hg38,BWA,122.50,88.00,141.38,1,766,4501,319,7.09
10869_S42,7.59 seconds,2.0.0-beta.3,hg38,BWA,100.39,14.00,125.69,0,377,4501,1905,42.32
S000021_S7741Nr1,10.38 seconds,2.0.0-beta.3,hg38,BWA,117.14,74.00,136.94,1,631,4501,398,8.84
S000021_S7518Nr6,13.41 seconds,2.0.0-beta.3,hg38,BWA,282.18,179.00,346.20,1,1726,4501,309,6.87
S000021_S5041Nr39,23.69 seconds,2.0.0-beta.3,hg38,BWA,235.11,130.00,313.24,1,1629,4501,286,6.35
S000021_S6113Nr60,16.36 seconds,2.0.0-beta.3,hg38,BWA,289.19,169.00,362.98,1,2030,4501,311,6.91
S000021_S15641Nr1,14.53 seconds,2.0.0-beta.3,hg38,BWA,89.49,71.00,85.14,0,382,4501,417,9.26
S000021_S12160Nr3,12.35 seconds,2.0.0-beta.3,hg38,BWA,143.01,75.00,198.04,1,1100,4501,258,5.73
S000021_S3673Nr9,16.26 seconds,2.0.0-beta.3,hg38,BWA,305.18,181.00,380.85,1,1994,4501,244,5.42
10877_S13,12.08 seconds,2.0.0-beta.3,hg38,BWA,137.02,10.00,186.85,1,530,4501,1530,33.99
10020_S71,8.16 seconds,2.0.0-beta.3,hg38,BWA,75.37,9.00,102.33,1,333,4501,1532,34.04
S000021_S11643Nr3,11.01 seconds,2.0.0-beta.3,hg38,BWA,142.21,90.00,174.73,1,954,4501,358,7.95
S000021_S13433Nr1,12.88 seconds,2.0.0-beta.3,hg38,BWA,183.28,153.00,172.93,1,846,4501,280,6.22
S000021_S13272Nr1,13.12 seconds,2.0.0-beta.3,hg38,BWA,109.34,87.00,105.93,1,493,4501,327,7.27
11224_S45,9.54 seconds,2.0.0-beta.3,hg38,BWA,105.87,7.00,157.79,0,472,4501,1166,25.91
S000021_S4078Nr1,15.81 seconds,2.0.0-beta.3,hg38,BWA,209.68,133.00,256.06,1,1305,4501,318,7.07
S000021_S6716Nr28,15.84 seconds,2.0.0-beta.3,hg38,BWA,387.95,316.00,365.89,1,1758,4501,285,6.33
S000021_S6716Nr46,15.14 seconds,2.0.0-beta.3,hg38,BWA,301.35,190.00,375.03,1,2126,4501,256,5.69
S000021_S8130Nr1,18.45 seconds,2.0.0-beta.3,hg38,BWA,444.23,318.00,478.19,0,2138,4501,180,4.00
S000021_S8990Nr1,15.17 seconds,2.0.0-beta.3,hg38,BWA,220.74,113.00,297.20,0,1603,4501,275,6.11
28193_S39,9.86 seconds,2.0.0-beta.3,hg38,BWA,95.20,24.00,128.43,0,351,4501,937,20.82
10961_S87,10.60 seconds,2.0.0-beta.3,hg38,BWA,67.19,7.00,86.94,1,261,4501,1426,31.68
S000021_S8699Nr2,14.35 seconds,2.0.0-beta.3,hg38,BWA,153.68,108.00,175.66,0,956,4501,286,6.35
11081_S37,10.04 seconds,2.0.0-beta.3,hg38,BWA,104.33,8.00,144.05,0,416,4501,1457,32.37
S000021_S7869Nr2,16.50 seconds,2.0.0-beta.3,hg38,BWA,478.36,250.00,639.03,1,3207,4501,174,3.87
10393_S43,8.34 seconds,2.0.0-beta.3,hg38,BWA,89.33,6.00,129.64,1,375,4501,1398,31.06
S000021_S5041Nr5,14.76 seconds,2.0.0-beta.3,hg38,BWA,216.84,102.00,320.35,1,1623,4501,197,4.38
28154_S13,7.64 seconds,2.0.0-beta.3,hg38,BWA,46.72,6.00,60.92,1,181,4501,1471,32.68
S000021_S5041Nr44,18.76 seconds,2.0.0-beta.3,hg38,BWA,239.80,131.00,305.74,1,1597,4501,219,4.87
S000021_S6405Nr2,16.47 seconds,2.0.0-beta.3,hg38,BWA,194.10,120.00,232.26,1,1161,4501,298,6.62
S000021_S11310Nr6,13.55 seconds,2.0.0-beta.3,hg38,BWA,124.14,82.00,148.23,1,757,4501,294,6.53
S000021_S10048Nr3,3477.85 seconds,2.0.0-beta.3,hg38,BWA,15.76,9.00,18.68,0,104,4501,768,17.06
S000021_S8912Nr1,13.95 seconds,2.0.0-beta.3,hg38,BWA,157.64,132.00,147.92,1,751,4501,280,6.22
10288-rpt_S72,10.27 seconds,2.0.0-beta.3,hg38,BWA,89.08,6.00,119.93,0,332,4501,1452,32.26
10945_S8,7.52 seconds,2.0.0-beta.3,hg38,BWA,63.31,9.00,79.00,1,218,4501,1519,33.75
S000021_S6716Nr44,52.15 seconds,2.0.0-beta.3,hg38,BWA,136.69,110.00,130.78,1,613,4501,322,7.15
S000021_S5041Nr37,17.18 seconds,2.0.0-beta.3,hg38,BWA,182.61,135.00,182.48,1,876,4501,249,5.53
S000021_S6113Nr64,18.25 seconds,2.0.0-beta.3,hg38,BWA,300.85,189.00,377.44,1,2095,4501,292,6.49
S000021_S6716Nr65,49.83 seconds,2.0.0-beta.3,hg38,BWA,179.33,155.50,159.53,1,729,4501,259,5.75
S000021_S8967Nr1,13.87 seconds,2.0.0-beta.3,hg38,BWA,150.46,127.00,136.36,1,626,4501,282,6.27
S000021_S3765Nr2,19.03 seconds,2.0.0-beta.3,hg38,BWA,207.87,129.00,269.65,1,1507,4501,188,4.18
S000021_S10158Nr7,14.56 seconds,2.0.0-beta.3,hg38,BWA,135.40,76.00,179.48,1,973,4501,355,7.89
S000021_S6116Nr3,16.10 seconds,2.0.0-beta.3,hg38,BWA,221.71,170.00,219.61,1,1076,4501,287,6.38
S000021_S10697Nr3,28.55 seconds,2.0.0-beta.3,hg38,BWA,97.55,77.00,94.45,1,462,4501,347,7.71
S000021_S11643Nr1,12.92 seconds,2.0.0-beta.3,hg38,BWA,141.27,75.00,192.05,1,1027,4501,345,7.66
S000021_S12007Nr2,11.38 seconds,2.0.0-beta.3,hg38,BWA,117.74,78.00,133.82,0,708,4501,391,8.69
11019_S45,9.95 seconds,2.0.0-beta.3,hg38,BWA,88.32,17.00,116.62,0,356,4501,1057,23.48
S000021_S14034Nr3,13.16 seconds,2.0.0-beta.3,hg38,BWA,165.53,104.00,189.22,1,776,4501,292,6.49
S000021_S3765Nr3,17.14 seconds,2.0.0-beta.3,hg38,BWA,237.42,133.00,307.58,1,1625,4501,251,5.58
S000021_S6716Nr4,63.22 seconds,2.0.0-beta.3,hg38,BWA,236.13,150.00,287.67,1,1540,4501,323,7.18
11050_S77,6.37 seconds,2.0.0-beta.3,hg38,BWA,41.79,18.00,43.99,1,113,4501,2175,48.32
S000021_S5041Nr62,17.81 seconds,2.0.0-beta.3,hg38,BWA,166.36,101.00,210.80,1,1157,4501,227,5.04
S000021_S9786Nr22,12.44 seconds,2.0.0-beta.3,hg38,BWA,148.15,128.00,131.14,1,685,4501,336,7.47
S000021_S5041Nr1,17.16 seconds,2.0.0-beta.3,hg38,BWA,207.07,110.00,288.70,1,1562,4501,230,5.11
S000021_S14410Nr2,12.11 seconds,2.0.0-beta.3,hg38,BWA,159.56,96.00,193.94,1,859,4501,330,7.33
8172_S38,8.67 seconds,2.0.0-beta.3,hg38,BWA,80.64,13.00,107.92,0,309,4501,1163,25.84
S000021_S6113Nr56,15.21 seconds,2.0.0-beta.3,hg38,BWA,248.51,177.00,261.38,1,1235,4501,266,5.91
S000021_S9609Nr6,10.87 seconds,2.0.0-beta.3,hg38,BWA,145.05,68.00,190.07,1,961,4501,405,9.00
S000021_S6113Nr4,48.59 seconds,2.0.0-beta.3,hg38,BWA,261.87,156.00,337.67,0,1823,4501,253,5.62
S000021_S11353Nr3,12.06 seconds,2.0.0-beta.3,hg38,BWA,153.67,76.00,214.39,1,1140,4501,301,6.69
S000021_S9349Nr10,14.23 seconds,2.0.0-beta.3,hg38,BWA,244.05,185.00,283.71,1,1596,4501,300,6.67
S000021_S9552Nr6,12.45 seconds,2.0.0-beta.3,hg38,BWA,130.52,98.00,125.11,1,549,4501,372,8.26
S000021_S6265Nr51,63.88 seconds,2.0.0-beta.3,hg38,BWA,229.93,160.00,267.57,1,1470,4501,271,6.02
S000021_S6716Nr22,101.83 seconds,2.0.0-beta.3,hg38,BWA,158.83,101.00,194.11,1,1031,4501,254,5.64
S000021_S9552Nr4,12.22 seconds,2.0.0-beta.3,hg38,BWA,168.84,85.00,247.65,1,1474,4501,289,6.42
S000021_S13821Nr4,12.45 seconds,2.0.0-beta.3,hg38,BWA,171.51,93.00,232.70,1,1259,4501,295,6.55
10244_S41,11.21 seconds,2.0.0-beta.3,hg38,BWA,74.46,11.00,105.23,1,328,4501,1156,25.68
S000021_S12007Nr1,11.64 seconds,2.0.0-beta.3,hg38,BWA,100.24,90.00,81.64,1,338,4501,482,10.71
S000021_S14034Nr5,18.10 seconds,2.0.0-beta.3,hg38,BWA,130.02,104.00,128.88,1,624,4501,287,6.38
S000021_S14937Nr2,10.10 seconds,2.0.0-beta.3,hg38,BWA,89.53,78.00,76.99,1,355,4501,539,11.98
S000021_S11310Nr5,14.24 seconds,2.0.0-beta.3,hg38,BWA,163.43,82.00,228.99,1,1183,4501,332,7.38
S000021_S5041Nr45,15.24 seconds,2.0.0-beta.3,hg38,BWA,215.20,140.00,265.85,1,1435,4501,227,5.04
S000021_S5041Nr55,16.54 seconds,2.0.0-beta.3,hg38,BWA,191.44,124.00,230.03,1,1229,4501,279,6.20
S000021_S10158Nr3,15.40 seconds,2.0.0-beta.3,hg38,BWA,105.76,80.00,114.52,1,635,4501,427,9.49
S000021_S4296Nr2,13.95 seconds,2.0.0-beta.3,hg38,BWA,150.90,77.00,168.23,1,809,4501,304,6.75
S000021_S5041Nr2,18.03 seconds,2.0.0-beta.3,hg38,BWA,236.00,113.00,341.47,1,1786,4501,256,5.69
S000021_S9609Nr1,10.16 seconds,2.0.0-beta.3,hg38,BWA,139.18,91.00,170.46,1,944,4501,394,8.75
11060_S85,5.55 seconds,2.0.0-beta.3,hg38,BWA,54.48,41.00,49.66,1,124,4501,2562,56.92
S000021_S6716Nr38,18.24 seconds,2.0.0-beta.3,hg38,BWA,616.79,365.00,785.48,0,3991,4501,177,3.93
S000021_S6716Nr27,19.15 seconds,2.0.0-beta.3,hg38,BWA,413.88,217.00,562.29,1,2867,4501,232,5.15
S000021_S10522Nr2,14.45 seconds,2.0.0-beta.3,hg38,BWA,86.90,52.00,96.12,1,520,4501,325,7.22
S000021_S6113Nr54,15.83 seconds,2.0.0-beta.3,hg38,BWA,281.79,145.00,407.81,0,2288,4501,252,5.60
S000021_S14653Nr4,11.07 seconds,2.0.0-beta.3,hg38,BWA,101.25,54.00,130.19,1,636,4501,441,9.80
S000021_S6265Nr34,75.62 seconds,2.0.0-beta.3,hg38,BWA,241.96,153.00,297.37,1,1693,4501,252,5.60
S000021_S10296Nr6,13.47 seconds,2.0.0-beta.3,hg38,BWA,98.96,87.00,84.39,1,395,4501,340,7.55
S000021_S9349Nr9,15.48 seconds,2.0.0-beta.3,hg38,BWA,164.81,154.00,149.91,1,769,4501,283,6.29
S000021_S9786Nr20,12.98 seconds,2.0.0-beta.3,hg38,BWA,172.08,109.00,194.15,1,919,4501,311,6.91
S000021_S9089Nr5,14.55 seconds,2.0.0-beta.3,hg38,BWA,267.43,186.00,279.02,1,1167,4501,316,7.02
10853_S86,8.25 seconds,2.0.0-beta.3,hg38,BWA,149.45,10.00,200.50,1,523,4501,1581,35.13
S000021_S6716Nr54,17.57 seconds,2.0.0-beta.3,hg38,BWA,428.70,262.00,545.06,1,2787,4501,232,5.15
11000_S34,7.85 seconds,2.0.0-beta.3,hg38,BWA,76.74,16.00,100.24,1,319,4501,1215,26.99
S000021_S3390Nr3,15.46 seconds,2.0.0-beta.3,hg38,BWA,240.87,194.00,230.80,1,1075,4501,230,5.11
S000021_S10048Nr1,11.84 seconds,2.0.0-beta.3,hg38,BWA,139.70,101.00,153.23,1,786,4501,323,7.18
10257_S48,8.61 seconds,2.0.0-beta.3,hg38,BWA,66.43,10.00,97.59,1,296,4501,1113,24.73
11091_S62,9.84 seconds,2.0.0-beta.3,hg38,BWA,127.65,7.00,187.45,1,535,4501,1123,24.95
S000021_S10158Nr6,12.45 seconds,2.0.0-beta.3,hg38,BWA,85.63,75.00,74.53,1,335,4501,386,8.58
10467_S50,6.57 seconds,2.0.0-beta.3,hg38,BWA,76.27,4.00,103.50,1,310,4501,1915,42.55
S000021_S6265Nr39,44.37 seconds,2.0.0-beta.3,hg38,BWA,219.52,137.00,280.42,1,1527,4501,313,6.95
S000021_S6265Nr6,17.37 seconds,2.0.0-beta.3,hg38,BWA,258.55,165.00,324.49,1,1796,4501,273,6.07
10657_S67,8.58 seconds,2.0.0-beta.3,hg38,BWA,86.43,7.00,116.70,1,317,4501,1570,34.88
S000021_S8699Nr1,12.72 seconds,2.0.0-beta.3,hg38,BWA,139.04,84.00,169.03,1,918,4501,337,7.49
S000021_S14805Nr2,10.75 seconds,2.0.0-beta.3,hg38,BWA,99.90,86.00,90.68,1,417,4501,353,7.84
10666_S43,7.93 seconds,2.0.0-beta.3,hg38,BWA,92.68,5.00,132.58,1,397,4501,1503,33.39
S000021_S5513Nr1,14.55 seconds,2.0.0-beta.3,hg38,BWA,229.06,153.00,279.28,1,1475,4501,316,7.02
S000021_S5041Nr32,17.24 seconds,2.0.0-beta.3,hg38,BWA,182.38,121.00,212.18,1,1057,4501,276,6.13
S000021_S5041Nr43,17.67 seconds,2.0.0-beta.3,hg38,BWA,171.28,122.00,194.37,1,991,4501,325,7.22
S000021_S6265Nr2,15.48 seconds,2.0.0-beta.3,hg38,BWA,193.20,120.00,247.45,1,1333,4501,260,5.78
S000021_S8252Nr2,23.61 seconds,2.0.0-beta.3,hg38,BWA,232.31,187.00,218.26,1,1081,4501,278,6.18
S000021_S10522Nr4,14.16 seconds,2.0.0-beta.3,hg38,BWA,73.29,73.00,53.55,0,234,4501,418,9.29
S000021_S5041Nr27,20.18 seconds,2.0.0-beta.3,hg38,BWA,211.14,111.00,287.52,1,1499,4501,222,4.93
10847_S81,8.46 seconds,2.0.0-beta.3,hg38,BWA,164.90,26.00,196.56,1,530,4501,2161,48.01
S000021_S11310Nr4,13.35 seconds,2.0.0-beta.3,hg38,BWA,111.03,74.00,125.26,0,641,4501,294,6.53
S000021_S6113Nr3,34.17 seconds,2.0.0-beta.3,hg38,BWA,276.95,145.00,399.77,1,2217,4501,217,4.82
11221_S3,8.93 seconds,2.0.0-beta.3,hg38,BWA,123.06,15.00,156.87,0,456,4501,1895,42.10
S000021_S11525Nr4,12.73 seconds,2.0.0-beta.3,hg38,BWA,101.94,87.00,91.02,1,420,4501,357,7.93
10655_S30,8.14 seconds,2.0.0-beta.3,hg38,BWA,87.65,6.00,116.08,1,337,4501,1685,37.44
11197_S96,8.49 seconds,2.0.0-beta.3,hg38,BWA,124.51,34.00,148.88,1,406,4501,2067,45.92
11059_S84,4.26 seconds,2.0.0-beta.3,hg38,BWA,23.04,21.00,20.15,1,63,4501,2842,63.14
10844_S6,10.33 seconds,2.0.0-beta.3,hg38,BWA,148.99,17.00,185.47,1,518,4501,1932,42.92
28129_S23,9.90 seconds,2.0.0-beta.3,hg38,BWA,92.97,29.00,118.83,0,362,4501,945,21.00
S000021_S6716Nr40,13.86 seconds,2.0.0-beta.3,hg38,BWA,289.07,157.50,381.14,1,2066,4501,249,5.53
10992_S30,9.36 seconds,2.0.0-beta.3,hg38,BWA,65.70,9.00,90.34,0,289,4501,884,19.64
S000021_S9089Nr9,16.84 seconds,2.0.0-beta.3,hg38,BWA,303.97,184.00,384.24,1,1996,4501,251,5.58
S000021_S9786Nr15,18.03 seconds,2.0.0-beta.3,hg38,BWA,125.46,108.00,115.61,1,563,4501,336,7.47
S000021_S6113Nr27,15.92 seconds,2.0.0-beta.3,hg38,BWA,510.18,241.00,784.47,1,4233,4501,156,3.47
S000021_S6716Nr36,14.23 seconds,2.0.0-beta.3,hg38,BWA,231.53,171.00,236.57,1,1100,4501,251,5.58
11074_S87,5.86 seconds,2.0.0-beta.3,hg38,BWA,48.70,16.00,52.72,0,153,4501,2232,49.59
S000021_S9786Nr10,13.31 seconds,2.0.0-beta.3,hg38,BWA,245.46,130.00,346.37,1,1963,4501,213,4.73
8141_S69,9.36 seconds,2.0.0-beta.3,hg38,BWA,103.05,7.00,158.30,1,451,4501,1061,23.57
S000021_S6116Nr4,16.42 seconds,2.0.0-beta.3,hg38,BWA,303.15,181.00,373.81,1,1827,4501,202,4.49
10628_S4,9.79 seconds,2.0.0-beta.3,hg38,BWA,72.33,11.00,95.88,1,285,4501,1293,28.73
S000021_S10757Nr1,11.55 seconds,2.0.0-beta.3,hg38,BWA,117.50,82.00,134.44,1,720,4501,308,6.84
11049_S58,5.75 seconds,2.0.0-beta.3,hg38,BWA,33.80,15.00,35.14,1,94,4501,2033,45.17
S000021_S11797Nr2,10.96 seconds,2.0.0-beta.3,hg38,BWA,97.69,89.00,85.63,1,426,4501,395,8.78
S000021_S9089Nr7,15.30 seconds,2.0.0-beta.3,hg38,BWA,294.36,161.50,416.72,1,2236,4501,269,5.98
S000021_S9736Nr1,12.30 seconds,2.0.0-beta.3,hg38,BWA,111.52,88.00,108.17,1,509,4501,391,8.69
S000021_S6716Nr33,15.76 seconds,2.0.0-beta.3,hg38,BWA,275.97,146.50,395.93,1,2129,4501,255,5.67
S000021_S6113Nr18,58.56 seconds,2.0.0-beta.3,hg38,BWA,245.87,124.00,361.12,1,2031,4501,260,5.78
S000021_S14653Nr6,11.18 seconds,2.0.0-beta.3,hg38,BWA,128.73,60.00,179.18,1,898,4501,360,8.00
S000021_S4296Nr1,14.98 seconds,2.0.0-beta.3,hg38,BWA,223.65,121.00,292.89,1,1476,4501,291,6.47
S000021_S10486Nr2,12.77 seconds,2.0.0-beta.3,hg38,BWA,112.37,75.00,123.04,1,634,4501,342,7.60
10807_S20,5.86 seconds,2.0.0-beta.3,hg38,BWA,16.50,4.00,19.04,1,60,4501,1704,37.86
S000021_S3511Nr1,14.79 seconds,2.0.0-beta.3,hg38,BWA,297.95,119.00,423.71,1,1880,4501,239,5.31
10479_S44,6.31 seconds,2.0.0-beta.3,hg38,BWA,107.61,12.00,133.34,1,381,4501,2103,46.72
S000021_S11068Nr1,12.72 seconds,2.0.0-beta.3,hg38,BWA,134.10,88.00,167.13,1,1011,4501,240,5.33
S000021_S5041Nr52,17.04 seconds,2.0.0-beta.3,hg38,BWA,216.79,125.00,276.84,1,1372,4501,233,5.18
S000021_S8418Nr3,10.96 seconds,2.0.0-beta.3,hg38,BWA,163.10,142.00,148.72,1,653,4501,196,4.35
11035_S92,6.50 seconds,2.0.0-beta.3,hg38,BWA,36.26,25.00,34.21,1,96,4501,2634,58.52
S000021_S6113Nr10,56.25 seconds,2.0.0-beta.3,hg38,BWA,291.01,168.00,372.88,0,1861,4501,239,5.31
11058_S83,12.26 seconds,2.0.0-beta.3,hg38,BWA,152.68,10.00,214.92,0,588,4501,1276,28.35
S000021_S6113Nr28,15.44 seconds,2.0.0-beta.3,hg38,BWA,349.15,163.00,523.06,1,2949,4501,227,5.04
S000021_S6113Nr71,22.46 seconds,2.0.0-beta.3,hg38,BWA,315.41,226.00,335.38,1,1707,4501,272,6.04
S000021_S6265Nr35,23.52 seconds,2.0.0-beta.3,hg38,BWA,278.36,166.00,355.63,1,1957,4501,214,4.75
S000021_S14702Nr6,10.10 seconds,2.0.0-beta.3,hg38,BWA,97.40,71.00,101.50,1,421,4501,416,9.24
10638_S88,8.69 seconds,2.0.0-beta.3,hg38,BWA,85.57,7.00,114.91,1,331,4501,1758,39.06
11147_S28,9.56 seconds,2.0.0-beta.3,hg38,BWA,113.51,4.00,162.43,1,483,4501,1417,31.48
S000021_S8179Nr2,16.70 seconds,2.0.0-beta.3,hg38,BWA,439.61,209.00,625.50,1,3254,4501,240,5.33
S000021_S3673Nr7,15.76 seconds,2.0.0-beta.3,hg38,BWA,263.71,181.00,285.48,1,1381,4501,243,5.40
S000021_S6265Nr61,16.21 seconds,2.0.0-beta.3,hg38,BWA,232.69,142.00,289.78,1,1563,4501,302,6.71
11249_S22,7.74 seconds,2.0.0-beta.3,hg38,BWA,80.64,5.00,120.36,0,383,4501,1288,28.62
S000021_S6716Nr56,15.96 seconds,2.0.0-beta.3,hg38,BWA,244.37,125.00,344.53,0,1825,4501,273,6.07
10280_S5,11.87 seconds,2.0.0-beta.3,hg38,BWA,141.29,13.00,189.67,1,519,4501,1406,31.24
S000021_S10158Nr4,17.38 seconds,2.0.0-beta.3,hg38,BWA,117.32,79.00,136.09,1,748,4501,361,8.02
S000021_S3765Nr4,13.85 seconds,2.0.0-beta.3,hg38,BWA,153.61,114.00,152.02,1,759,4501,255,5.67
S000021_S6113Nr41,19.21 seconds,2.0.0-beta.3,hg38,BWA,405.77,195.00,594.85,1,3217,4501,282,6.27
S000021_S5328Nr6,17.69 seconds,2.0.0-beta.3,hg38,BWA,408.39,205.00,587.02,1,3155,4501,192,4.27
S000021_S9457Nr3,15.36 seconds,2.0.0-beta.3,hg38,BWA,116.20,105.00,100.72,1,470,4501,322,7.15
10859_S76,8.10 seconds,2.0.0-beta.3,hg38,BWA,129.82,29.00,156.02,1,438,4501,2062,45.81
11150_S68,9.41 seconds,2.0.0-beta.3,hg38,BWA,152.00,26.00,187.53,1,531,4501,1972,43.81
S000021_S5041Nr78,21.28 seconds,2.0.0-beta.3,hg38,BWA,375.45,248.00,433.02,1,2298,4501,232,5.15
10471_S78,10.45 seconds,2.0.0-beta.3,hg38,BWA,122.76,11.00,184.31,1,527,4501,1155,25.66
10905_S95,6.20 seconds,2.0.0-beta.3,hg38,BWA,49.12,25.00,50.23,1,156,4501,2479,55.08
S000021_S6915Nr1,14.17 seconds,2.0.0-beta.3,hg38,BWA,326.15,164.00,466.69,1,2536,4501,220,4.89
S000021_S6113Nr52,23.74 seconds,2.0.0-beta.3,hg38,BWA,265.73,162.00,338.29,1,1841,4501,220,4.89
S000021_S9360Nr1,14.02 seconds,2.0.0-beta.3,hg38,BWA,259.09,189.00,302.42,1,1486,4501,267,5.93
S000021_S14653Nr2,13.61 seconds,2.0.0-beta.3,hg38,BWA,80.74,67.00,70.50,1,336,4501,507,11.26
S000021_S12412Nr3,13.80 seconds,2.0.0-beta.3,hg38,BWA,135.58,92.00,159.43,1,845,4501,324,7.20
S000021_S6716Nr23,91.32 seconds,2.0.0-beta.3,hg38,BWA,142.83,109.00,144.59,1,669,4501,249,5.53
10245_S46,8.71 seconds,2.0.0-beta.3,hg38,BWA,63.74,6.00,89.84,1,270,4501,1218,27.06
S000021_S5041Nr71,17.97 seconds,2.0.0-beta.3,hg38,BWA,201.07,105.00,290.68,1,1659,4501,271,6.02
10903_S26,11.72 seconds,2.0.0-beta.3,hg38,BWA,148.06,29.00,190.32,0,569,4501,1097,24.37
28166_S23,6.36 seconds,2.0.0-beta.3,hg38,BWA,61.09,20.00,67.90,1,214,4501,2255,50.10
S000021_S6113Nr24,37.61 seconds,2.0.0-beta.3,hg38,BWA,208.08,126.00,262.01,1,1403,4501,248,5.51
11230_S69,7.26 seconds,2.0.0-beta.3,hg38,BWA,126.72,8.00,171.42,1,481,4501,1709,37.97
S000021_S7869Nr5,13.28 seconds,2.0.0-beta.3,hg38,BWA,205.33,125.00,256.56,0,1276,4501,286,6.35
S000021_S5041Nr61,15.52 seconds,2.0.0-beta.3,hg38,BWA,119.43,86.00,122.19,1,592,4501,320,7.11
S000021_S9140Nr2,17.69 seconds,2.0.0-beta.3,hg38,BWA,155.61,79.00,216.54,0,1151,4501,313,6.95
S000021_S6113Nr62,19.41 seconds,2.0.0-beta.3,hg38,BWA,368.13,188.00,540.52,1,3014,4501,241,5.35
S000021_S14460Nr3,11.03 seconds,2.0.0-beta.3,hg38,BWA,162.14,78.00,230.54,1,1193,4501,408,9.06
S000021_S6113Nr43,16.58 seconds,2.0.0-beta.3,hg38,BWA,191.96,97.00,233.03,1,1175,4501,271,6.02
S000021_S6113Nr8,52.97 seconds,2.0.0-beta.3,hg38,BWA,147.50,117.00,137.16,1,632,4501,314,6.98
S000021_S9552Nr1,13.17 seconds,2.0.0-beta.3,hg38,BWA,168.88,108.00,208.17,1,1123,4501,389,8.64
S000021_S6716Nr47,16.92 seconds,2.0.0-beta.3,hg38,BWA,380.22,237.00,463.07,1,2414,4501,260,5.78
10338_S76,6.77 seconds,2.0.0-beta.3,hg38,BWA,99.59,19.00,115.83,1,318,4501,2155,47.88
S000021_S12358Nr2,12.48 seconds,2.0.0-beta.3,hg38,BWA,89.65,82.00,75.37,1,335,4501,428,9.51
S000021_S8252Nr3,36.05 seconds,2.0.0-beta.3,hg38,BWA,397.08,178.00,530.79,0,2599,4501,221,4.91
S000021_S6265Nr32,25.00 seconds,2.0.0-beta.3,hg38,BWA,238.57,112.00,347.53,1,1820,4501,246,5.47
S000021_S6116Nr1,13.67 seconds,2.0.0-beta.3,hg38,BWA,243.39,150.00,303.28,0,1597,4501,236,5.24
S000021_S6716Nr52,15.93 seconds,2.0.0-beta.3,hg38,BWA,218.43,143.00,258.41,1,1417,4501,239,5.31
S000021_S8811Nr2,14.44 seconds,2.0.0-beta.3,hg38,BWA,167.12,115.00,186.05,1,1014,4501,337,7.49
11033_S74,11.14 seconds,2.0.0-beta.3,hg38,BWA,96.24,8.00,136.20,1,373,4501,1170,25.99
S000021_S8252Nr1,16.61 seconds,2.0.0-beta.3,hg38,BWA,264.35,135.50,353.43,1,1992,4501,207,4.60
S000021_S6113Nr57,24.23 seconds,2.0.0-beta.3,hg38,BWA,479.43,304.50,591.82,1,3185,4501,183,4.07
S000021_S13821Nr1,12.85 seconds,2.0.0-beta.3,hg38,BWA,165.29,84.00,226.76,1,1255,4501,269,5.98
S000021_S9791Nr2,18.70 seconds,2.0.0-beta.3,hg38,BWA,111.33,78.00,121.21,1,647,4501,238,5.29
S000021_S6716Nr32,16.22 seconds,2.0.0-beta.3,hg38,BWA,356.52,229.00,435.57,1,2265,4501,238,5.29
28153_S18,7.11 seconds,2.0.0-beta.3,hg38,BWA,62.07,13.00,67.85,1,190,4501,1894,42.08
10951_S68,11.02 seconds,2.0.0-beta.3,hg38,BWA,126.23,9.50,166.60,1,467,4501,1599,35.53
S000021_S13619Nr4,14.53 seconds,2.0.0-beta.3,hg38,BWA,170.74,110.00,206.64,1,1123,4501,268,5.95
S000021_S6716Nr25,26.40 seconds,2.0.0-beta.3,hg38,BWA,195.37,123.00,241.93,1,1257,4501,319,7.09
S000021_S5041Nr16,21.13 seconds,2.0.0-beta.3,hg38,BWA,265.88,134.00,372.74,1,1891,4501,217,4.82
S000021_S9552Nr2,13.48 seconds,2.0.0-beta.3,hg38,BWA,157.91,109.00,194.14,1,1067,4501,372,8.26
10431_S4,9.00 seconds,2.0.0-beta.3,hg38,BWA,122.64,7.00,175.76,1,491,4501,1454,32.30
S000021_S5041Nr64,22.51 seconds,2.0.0-beta.3,hg38,BWA,185.83,102.00,244.61,1,1324,4501,288,6.40
S000021_S6716Nr50,14.34 seconds,2.0.0-beta.3,hg38,BWA,276.37,171.00,334.62,1,1590,4501,246,5.47
S000021_S9786Nr17,15.03 seconds,2.0.0-beta.3,hg38,BWA,216.15,116.00,299.49,1,1653,4501,265,5.89
S000021_S6265Nr36,47.84 seconds,2.0.0-beta.3,hg38,BWA,226.18,92.00,323.92,1,1616,4501,256,5.69
S000021_S5041Nr79,23.91 seconds,2.0.0-beta.3,hg38,BWA,379.25,176.00,548.81,1,2941,4501,177,3.93
S000021_S3511Nr3,16.51 seconds,2.0.0-beta.3,hg38,BWA,350.06,190.00,460.74,1,2224,4501,293,6.51
S000021_S6113Nr63,14.79 seconds,2.0.0-beta.3,hg38,BWA,204.00,161.00,192.47,1,872,4501,255,5.67
S000021_S6716Nr51,14.78 seconds,2.0.0-beta.3,hg38,BWA,256.19,123.00,338.46,1,1744,4501,306,6.80
28194_S17,8.09 seconds,2.0.0-beta.3,hg38,BWA,51.48,13.00,65.26,1,194,4501,1344,29.86
11024_S49,6.15 seconds,2.0.0-beta.3,hg38,BWA,50.54,14.50,55.65,1,145,4501,2191,48.68
10651_S8,6.84 seconds,2.0.0-beta.3,hg38,BWA,78.57,8.00,101.22,1,293,4501,1844,40.97
S000021_S9786Nr27,12.14 seconds,2.0.0-beta.3,hg38,BWA,179.43,93.00,228.84,1,1248,4501,309,6.87
S000021_S13619Nr3,12.06 seconds,2.0.0-beta.3,hg38,BWA,200.41,94.00,286.76,1,1550,4501,241,5.35
28146_S11,7.66 seconds,2.0.0-beta.3,hg38,BWA,44.93,7.00,58.04,1,167,4501,1260,27.99
S000021_S5041Nr75,18.26 seconds,2.0.0-beta.3,hg38,BWA,397.92,262.50,425.06,1,1868,4501,203,4.51
S000021_S7099Nr3,13.55 seconds,2.0.0-beta.3,hg38,BWA,219.22,106.00,317.33,1,1738,4501,270,6.00
S000021_S6265Nr62,16.56 seconds,2.0.0-beta.3,hg38,BWA,262.30,191.50,266.83,1,1218,4501,243,5.40
S000021_S14937Nr4,12.18 seconds,2.0.0-beta.3,hg38,BWA,142.07,88.00,183.48,1,919,4501,292,6.49
S000021_S6113Nr25,27.19 seconds,2.0.0-beta.3,hg38,BWA,170.61,109.00,200.83,1,1039,4501,278,6.18
S000021_S6265Nr52,57.45 seconds,2.0.0-beta.3,hg38,BWA,155.91,99.00,188.12,0,1027,4501,294,6.53
10266_S85,7.45 seconds,2.0.0-beta.3,hg38,BWA,76.60,15.00,101.84,1,306,4501,1431,31.79
S000021_S11525Nr5,13.10 seconds,2.0.0-beta.3,hg38,BWA,80.08,79.00,62.03,1,321,4501,417,9.26
10952_S4,10.12 seconds,2.0.0-beta.3,hg38,BWA,136.67,13.00,191.44,1,571,4501,1290,28.66
S000021_S12887Nr2,171.02 seconds,2.0.0-beta.3,hg38,BWA,91.24,81.00,74.55,1,348,4501,443,9.84
S000021_S3678Nr1,22.11 seconds,2.0.0-beta.3,hg38,BWA,381.39,241.00,425.78,1,2027,4501,203,4.51
S000021_S6113Nr47,24.81 seconds,2.0.0-beta.3,hg38,BWA,341.00,286.00,319.68,1,1453,4501,212,4.71
S000021_S6113Nr49,22.19 seconds,2.0.0-beta.3,hg38,BWA,386.25,303.50,394.07,1,1929,4501,183,4.07
S000021_S9552Nr5,13.78 seconds,2.0.0-beta.3,hg38,BWA,161.29,110.00,192.36,1,1030,4501,365,8.11
S000021_S6716Nr19,74.44 seconds,2.0.0-beta.3,hg38,BWA,287.75,136.00,435.06,1,2395,4501,224,4.98
S000021_S8418Nr1,12.84 seconds,2.0.0-beta.3,hg38,BWA,155.84,121.00,149.72,0,709,4501,332,7.38
S000021_S7977Nr1,12.80 seconds,2.0.0-beta.3,hg38,BWA,276.73,174.00,347.16,1,1840,4501,255,5.67
S000021_S3673Nr3,17.52 seconds,2.0.0-beta.3,hg38,BWA,444.48,212.00,639.06,1,3344,4501,182,4.04
S000021_S6113Nr53,15.43 seconds,2.0.0-beta.3,hg38,BWA,262.65,170.00,335.39,1,1911,4501,236,5.24
S000021_S6265Nr19,13.08 seconds,2.0.0-beta.3,hg38,BWA,230.42,115.00,338.64,1,1889,4501,259,5.75
S000021_S6716Nr14,52.32 seconds,2.0.0-beta.3,hg38,BWA,297.42,176.50,368.08,0,1913,4501,267,5.93
S000021_S8967Nr10,11.07 seconds,2.0.0-beta.3,hg38,BWA,126.48,107.00,110.32,1,472,4501,356,7.91
S000021_S12235Nr2,11.18 seconds,2.0.0-beta.3,hg38,BWA,131.53,89.00,155.18,1,817,4501,367,8.15
S000021_S9457Nr1,11.13 seconds,2.0.0-beta.3,hg38,BWA,144.80,95.00,183.92,1,1050,4501,317,7.04
11199_S71,7.27 seconds,2.0.0-beta.3,hg38,BWA,142.53,39.00,161.21,1,438,4501,2218,49.28
S000021_S6265Nr29,58.42 seconds,2.0.0-beta.3,hg38,BWA,313.14,150.00,467.45,1,2596,4501,223,4.95
S000021_S11525Nr6,13.51 seconds,2.0.0-beta.3,hg38,BWA,142.28,78.00,195.34,1,1148,4501,308,6.84
S000021_S6113Nr22,18.99 seconds,2.0.0-beta.3,hg38,BWA,218.84,133.00,282.72,1,1538,4501,253,5.62
S000021_S5328Nr2,18.24 seconds,2.0.0-beta.3,hg38,BWA,343.89,169.50,492.50,1,2588,4501,233,5.18
S000021_S11409Nr1,12.33 seconds,2.0.0-beta.3,hg38,BWA,83.75,81.00,65.88,1,283,4501,395,8.78
S000021_S9786Nr8,13.91 seconds,2.0.0-beta.3,hg38,BWA,176.61,112.50,215.58,1,1204,4501,279,6.20
S000021_S6405Nr1,14.06 seconds,2.0.0-beta.3,hg38,BWA,178.97,133.00,185.32,1,838,4501,270,6.00
S000021_S3913Nr1,18.68 seconds,2.0.0-beta.3,hg38,BWA,218.77,137.00,277.81,1,1517,4501,275,6.11
S000021_S10486Nr3,15.04 seconds,2.0.0-beta.3,hg38,BWA,111.05,84.00,115.45,0,656,4501,281,6.24
S000021_S5041Nr69,14.89 seconds,2.0.0-beta.3,hg38,BWA,133.89,96.00,139.85,1,673,4501,368,8.18
S000021_S11839Nr2,13.56 seconds,2.0.0-beta.3,hg38,BWA,112.70,78.00,126.86,1,709,4501,391,8.69
S000021_S7977Nr2,11.76 seconds,2.0.0-beta.3,hg38,BWA,284.62,145.00,405.36,1,2138,4501,329,7.31
S000021_S5041Nr65,15.01 seconds,2.0.0-beta.3,hg38,BWA,245.17,112.00,362.20,1,1945,4501,242,5.38
S000021_S6716Nr57,16.49 seconds,2.0.0-beta.3,hg38,BWA,360.30,211.00,459.44,1,2374,4501,243,5.40
S000021_S9457Nr4,12.81 seconds,2.0.0-beta.3,hg38,BWA,150.54,97.00,191.96,1,1120,4501,303,6.73
10946_S60,10.30 seconds,2.0.0-beta.3,hg38,BWA,71.27,8.00,97.97,1,291,4501,1319,29.30
S000021_S5041Nr68,18.31 seconds,2.0.0-beta.3,hg38,BWA,160.42,116.00,162.17,1,783,4501,220,4.89
10660_S29,7.47 seconds,2.0.0-beta.3,hg38,BWA,79.16,7.00,108.17,1,301,4501,1545,34.33
S000021_S11839Nr1,11.87 seconds,2.0.0-beta.3,hg38,BWA,94.01,77.00,82.73,1,399,4501,323,7.18
S000021_S15201Nr1,18.42 seconds,2.0.0-beta.3,hg38,BWA,95.79,85.00,83.92,1,403,4501,396,8.80
S000021_S12441Nr1,15.57 seconds,2.0.0-beta.3,hg38,BWA,178.11,87.00,262.32,1,1459,4501,216,4.80
S000021_S6113Nr29,16.75 seconds,2.0.0-beta.3,hg38,BWA,304.48,180.00,371.94,1,1736,4501,259,5.75
28115_S96,6.97 seconds,2.0.0-beta.3,hg38,BWA,64.42,5.00,84.62,1,239,4501,1611,35.79
11092_S57,6.76 seconds,2.0.0-beta.3,hg38,BWA,71.27,7.00,91.64,0,267,4501,1820,40.44
S000021_S6265Nr55,16.95 seconds,2.0.0-beta.3,hg38,BWA,401.11,225.00,522.15,1,2591,4501,210,4.67
S000021_S10697Nr1,10.20 seconds,2.0.0-beta.3,hg38,BWA,101.24,89.00,88.36,1,407,4501,339,7.53
10954_S41,7.09 seconds,2.0.0-beta.3,hg38,BWA,107.67,53.00,111.00,1,306,4501,2585,57.43
S000021_S3673Nr11,13.96 seconds,2.0.0-beta.3,hg38,BWA,224.14,157.00,225.87,1,1092,4501,257,5.71
S000021_S6265Nr16,17.61 seconds,2.0.0-beta.3,hg38,BWA,234.56,151.00,288.54,0,1551,4501,216,4.80
S000021_S6113Nr33,18.24 seconds,2.0.0-beta.3,hg38,BWA,466.55,240.00,668.08,1,3661,4501,156,3.47
S000021_S3344Nr3,19.22 seconds,2.0.0-beta.3,hg38,BWA,266.99,202.00,275.49,1,1396,4501,207,4.60
S000021_S14034Nr4,17.98 seconds,2.0.0-beta.3,hg38,BWA,122.61,99.00,115.84,1,512,4501,369,8.20
S000021_S12928Nr2,12.36 seconds,2.0.0-beta.3,hg38,BWA,123.85,83.00,148.81,1,828,4501,307,6.82
S000021_S3673Nr10,14.86 seconds,2.0.0-beta.3,hg38,BWA,325.41,181.00,407.79,1,2177,4501,222,4.93
S000021_S8836Nr1,13.59 seconds,2.0.0-beta.3,hg38,BWA,115.98,98.00,102.74,1,483,4501,368,8.18
S000021_S5096Nr3,25.81 seconds,2.0.0-beta.3,hg38,BWA,317.09,233.00,301.35,1,1411,4501,249,5.53
10684_S90,8.80 seconds,2.0.0-beta.3,hg38,BWA,95.54,7.00,134.05,0,374,4501,1481,32.90
S000021_S14435Nr2,11.50 seconds,2.0.0-beta.3,hg38,BWA,97.22,83.00,91.54,1,443,4501,429,9.53
S000021_S5939Nr1,17.53 seconds,2.0.0-beta.3,hg38,BWA,290.59,194.50,333.09,1,1726,4501,211,4.69
S000021_S6591Nr2,14.28 seconds,2.0.0-beta.3,hg38,BWA,400.73,253.00,498.73,1,2558,4501,228,5.07
11079_S10,7.33 seconds,2.0.0-beta.3,hg38,BWA,109.09,4.00,146.35,0,422,4501,1669,37.08
S000021_S14702Nr5,10.89 seconds,2.0.0-beta.3,hg38,BWA,90.89,63.00,104.68,1,501,4501,423,9.40
10662_S54,7.61 seconds,2.0.0-beta.3,hg38,BWA,81.74,5.00,108.48,1,307,4501,1634,36.30
10941_S53,7.94 seconds,2.0.0-beta.3,hg38,BWA,53.75,5.00,72.69,0,219,4501,1369,30.42
S000021_S5041Nr8,19.29 seconds,2.0.0-beta.3,hg38,BWA,186.53,115.00,240.65,1,1324,4501,228,5.07
S000021_S12235Nr3,11.77 seconds,2.0.0-beta.3,hg38,BWA,132.68,90.00,154.16,1,809,4501,332,7.38
S000021_S6716Nr60,21.70 seconds,2.0.0-beta.3,hg38,BWA,138.98,117.00,128.73,1,612,4501,288,6.40
S000021_S6265Nr28,45.91 seconds,2.0.0-beta.3,hg38,BWA,180.86,125.00,184.92,1,853,4501,297,6.60
S000021_S7192Nr1,14.21 seconds,2.0.0-beta.3,hg38,BWA,216.68,140.00,267.61,1,1480,4501,282,6.27
S000021_S6265Nr49,19.81 seconds,2.0.0-beta.3,hg38,BWA,466.83,267.00,579.93,1,3016,4501,189,4.20
S000021_S8967Nr9,14.55 seconds,2.0.0-beta.3,hg38,BWA,223.63,166.00,237.53,1,1208,4501,228,5.07
S000021_S11700Nr3,12.04 seconds,2.0.0-beta.3,hg38,BWA,117.98,85.00,132.94,1,726,4501,315,7.00
S000021_S9089Nr2,15.49 seconds,2.0.0-beta.3,hg38,BWA,302.12,161.00,424.47,1,2280,4501,315,7.00
S000021_S5041Nr42,17.35 seconds,2.0.0-beta.3,hg38,BWA,250.70,130.00,352.28,1,1869,4501,203,4.51
S000021_S9786Nr14,13.98 seconds,2.0.0-beta.3,hg38,BWA,264.23,117.00,382.71,1,2136,4501,281,6.24
S000021_S12225Nr2,13.20 seconds,2.0.0-beta.3,hg38,BWA,117.78,102.00,110.19,1,545,4501,374,8.31
10995_S32,8.19 seconds,2.0.0-beta.3,hg38,BWA,71.27,13.00,92.46,1,274,4501,1234,27.42
8178_S34,6.63 seconds,2.0.0-beta.3,hg38,BWA,114.98,12.00,137.65,1,358,4501,2004,44.52
S000021_S11068Nr2,14.80 seconds,2.0.0-beta.3,hg38,BWA,137.54,75.00,179.43,1,963,4501,246,5.47
S000021_S9349Nr4,2789.72 seconds,2.0.0-beta.3,hg38,BWA,11.23,7.00,12.49,1,71,4501,1092,24.26
S000021_S5096Nr2,16.69 seconds,2.0.0-beta.3,hg38,BWA,257.65,194.00,244.65,1,1149,4501,266,5.91
S000021_S6113Nr37,17.82 seconds,2.0.0-beta.3,hg38,BWA,314.80,160.00,427.97,1,2430,4501,245,5.44
S000021_S9349Nr3,13.91 seconds,2.0.0-beta.3,hg38,BWA,263.53,163.00,329.73,1,1784,4501,352,7.82
S000021_S12815Nr2,10.41 seconds,2.0.0-beta.3,hg38,BWA,89.63,80.00,75.66,1,343,4501,370,8.22
S000021_S7414Nr2,14.11 seconds,2.0.0-beta.3,hg38,BWA,141.72,117.00,133.44,1,648,4501,356,7.91
10344_S72,8.61 seconds,2.0.0-beta.3,hg38,BWA,107.15,7.00,151.32,0,412,4501,1466,32.57
S000021_S6113Nr13,36.03 seconds,2.0.0-beta.3,hg38,BWA,237.50,163.00,249.22,1,1050,4501,195,4.33
10430_S86,9.11 seconds,2.0.0-beta.3,hg38,BWA,84.38,6.00,121.81,0,372,4501,1303,28.95
S000021_S9552Nr3,13.74 seconds,2.0.0-beta.3,hg38,BWA,158.35,98.50,190.97,1,904,4501,301,6.69
S000021_S6113Nr61,15.07 seconds,2.0.0-beta.3,hg38,BWA,285.30,146.00,423.11,1,2387,4501,232,5.15
S000021_S5041Nr53,17.20 seconds,2.0.0-beta.3,hg38,BWA,160.60,108.00,185.47,1,934,4501,219,4.87
S000021_S6265Nr18,13.67 seconds,2.0.0-beta.3,hg38,BWA,125.68,107.00,113.74,1,599,4501,345,7.66
10919_S28,9.48 seconds,2.0.0-beta.3,hg38,BWA,70.65,12.00,96.57,0,285,4501,906,20.13
S000021_S6591Nr3,15.86 seconds,2.0.0-beta.3,hg38,BWA,467.60,223.00,693.65,1,3648,4501,200,4.44
S000021_S10659Nr1,10.64 seconds,2.0.0-beta.3,hg38,BWA,155.41,77.00,218.13,1,1163,4501,258,5.73
S000021_S3765Nr1,19.18 seconds,2.0.0-beta.3,hg38,BWA,218.24,118.00,284.91,1,1394,4501,218,4.84
10225_S58,8.37 seconds,2.0.0-beta.3,hg38,BWA,71.00,9.00,101.49,1,313,4501,1054,23.42
S000021_S5041Nr23,16.09 seconds,2.0.0-beta.3,hg38,BWA,201.29,127.50,249.07,1,1306,4501,253,5.62
S000021_S9360Nr3,13.89 seconds,2.0.0-beta.3,hg38,BWA,242.57,137.00,303.42,1,1585,4501,356,7.91
S000021_S14034Nr1,24.16 seconds,2.0.0-beta.3,hg38,BWA,121.16,102.00,104.90,1,511,4501,482,10.71
S000021_S5489Nr2,14.42 seconds,2.0.0-beta.3,hg38,BWA,184.68,136.50,204.11,1,1115,4501,303,6.73
S000021_S7596Nr1,13.12 seconds,2.0.0-beta.3,hg38,BWA,204.21,150.00,224.87,1,1114,4501,312,6.93
10850_S33,8.34 seconds,2.0.0-beta.3,hg38,BWA,116.88,9.00,154.48,1,442,4501,1654,36.75
11211_S63,8.83 seconds,2.0.0-beta.3,hg38,BWA,147.46,6.00,208.66,1,582,4501,1606,35.68
S000021_S9786Nr2,14.63 seconds,2.0.0-beta.3,hg38,BWA,131.03,106.00,131.96,1,716,4501,367,8.15
S000021_S12815Nr5,327.91 seconds,2.0.0-beta.3,hg38,BWA,72.39,56.00,70.19,1,345,4501,437,9.71
S000021_S10296Nr4,14.84 seconds,2.0.0-beta.3,hg38,BWA,140.17,98.00,159.18,1,849,4501,316,7.02
S000021_S9786Nr19,13.98 seconds,2.0.0-beta.3,hg38,BWA,157.01,127.00,146.16,1,650,4501,342,7.60
11013_S42,8.53 seconds,2.0.0-beta.3,hg38,BWA,83.45,21.00,109.24,0,307,4501,1144,25.42
S000021_S6113Nr31,15.68 seconds,2.0.0-beta.3,hg38,BWA,202.76,164.00,192.10,1,961,4501,290,6.44
S000021_S15544Nr1,15.30 seconds,2.0.0-beta.3,hg38,BWA,136.15,74.00,167.67,1,703,4501,369,8.20
S000021_S4296Nr3,15.36 seconds,2.0.0-beta.3,hg38,BWA,292.47,145.00,429.67,1,2346,4501,212,4.71
10439_S6,8.43 seconds,2.0.0-beta.3,hg38,BWA,58.17,9.00,76.54,0,234,4501,1223,27.17
S000021_S3832Nr1,20.07 seconds,2.0.0-beta.3,hg38,BWA,454.28,262.00,569.41,1,2910,4501,240,5.33
S000021_S6716Nr3,45.13 seconds,2.0.0-beta.3,hg38,BWA,228.07,107.00,337.35,1,1832,4501,246,5.47
8143_S60,6.19 seconds,2.0.0-beta.3,hg38,BWA,63.05,6.00,83.45,1,249,4501,1660,36.88
8166_S61,8.16 seconds,2.0.0-beta.3,hg38,BWA,97.78,5.00,132.31,1,355,4501,1590,35.33
28181_S14,7.62 seconds,2.0.0-beta.3,hg38,BWA,33.16,6.00,42.24,0,134,4501,1555,34.55
S000021_S11890Nr3,18.41 seconds,2.0.0-beta.3,hg38,BWA,199.79,102.00,292.50,1,1694,4501,296,6.58
S000021_S6113Nr45,92.34 seconds,2.0.0-beta.3,hg38,BWA,103.31,81.00,99.96,1,514,4501,344,7.64
S000021_S6716Nr10,53.52 seconds,2.0.0-beta.3,hg38,BWA,373.86,179.00,530.89,1,2672,4501,230,5.11
10647_S38,9.51 seconds,2.0.0-beta.3,hg38,BWA,95.41,7.00,137.19,1,386,4501,1351,30.02
11242_S88,11.70 seconds,2.0.0-beta.3,hg38,BWA,136.72,7.00,188.17,1,524,4501,1403,31.17
S000021_S8179Nr3,16.26 seconds,2.0.0-beta.3,hg38,BWA,423.53,216.00,600.71,1,3245,4501,233,5.18
S000021_S14435Nr1,10.99 seconds,2.0.0-beta.3,hg38,BWA,122.42,87.00,124.33,1,495,4501,387,8.60
10852_S5,8.35 seconds,2.0.0-beta.3,hg38,BWA,117.69,12.00,159.59,0,443,4501,1541,34.24
S000021_S6804Nr2,13.83 seconds,2.0.0-beta.3,hg38,BWA,295.72,151.00,424.72,1,2357,4501,217,4.82
S000021_S11068Nr3,12.81 seconds,2.0.0-beta.3,hg38,BWA,117.29,86.00,133.18,1,742,4501,317,7.04
S000021_S2973Nr2,18.82 seconds,2.0.0-beta.3,hg38,BWA,657.28,337.00,946.91,1,4835,4501,185,4.11
S000021_S3673Nr1,15.70 seconds,2.0.0-beta.3,hg38,BWA,377.83,213.00,483.77,1,2484,4501,206,4.58
S000021_S5041Nr12,15.69 seconds,2.0.0-beta.3,hg38,BWA,193.24,116.00,242.02,1,1315,4501,254,5.64
S000021_S6113Nr38,23.98 seconds,2.0.0-beta.3,hg38,BWA,341.51,220.00,427.60,1,2337,4501,274,6.09
S000021_S6591Nr1,14.23 seconds,2.0.0-beta.3,hg38,BWA,378.81,268.00,402.00,1,1640,4501,288,6.40
S000021_S5939Nr3,20.39 seconds,2.0.0-beta.3,hg38,BWA,327.18,186.00,429.48,1,2297,4501,219,4.87
S000021_S8912Nr5,14.37 seconds,2.0.0-beta.3,hg38,BWA,213.65,111.00,295.46,1,1623,4501,228,5.07
S000021_S14276Nr1,14.64 seconds,2.0.0-beta.3,hg38,BWA,151.07,73.00,210.91,0,1048,4501,396,8.80
10936_S61,9.88 seconds,2.0.0-beta.3,hg38,BWA,148.86,11.00,203.38,0,585,4501,1426,31.68
28156_S56,9.98 seconds,2.0.0-beta.3,hg38,BWA,79.93,9.00,111.87,0,333,4501,1145,25.44
S000021_S13492Nr1,381.47 seconds,2.0.0-beta.3,hg38,BWA,99.77,77.00,93.81,1,415,4501,333,7.40
S000021_S9786Nr30,12.48 seconds,2.0.0-beta.3,hg38,BWA,209.75,102.00,294.87,1,1569,4501,243,5.40
S000021_S12412Nr2,13.36 seconds,2.0.0-beta.3,hg38,BWA,84.47,64.00,92.74,1,537,4501,395,8.78
S000021_S3344Nr1,15.01 seconds,2.0.0-beta.3,hg38,BWA,232.78,159.50,275.62,1,1451,4501,261,5.80
S000021_S11750Nr3,12.02 seconds,2.0.0-beta.3,hg38,BWA,111.76,92.00,102.35,1,457,4501,297,6.60
S000021_S9786Nr29,12.42 seconds,2.0.0-beta.3,hg38,BWA,130.59,114.00,109.71,1,485,4501,320,7.11
S000021_S5041Nr74,16.75 seconds,2.0.0-beta.3,hg38,BWA,229.21,130.00,291.97,1,1471,4501,238,5.29
11001_S40,7.66 seconds,2.0.0-beta.3,hg38,BWA,42.89,12.00,51.37,0,160,4501,1056,23.46
11045_S56,5.38 seconds,2.0.0-beta.3,hg38,BWA,32.15,19.00,30.69,1,94,4501,2485,55.21
S000021_S11353Nr1,11.71 seconds,2.0.0-beta.3,hg38,BWA,108.14,65.00,127.52,1,672,4501,355,7.89
S000021_S7099Nr2,16.91 seconds,2.0.0-beta.3,hg38,BWA,184.92,106.00,251.59,1,1483,4501,365,8.11
11190_S95,9.54 seconds,2.0.0-beta.3,hg38,BWA,134.86,11.00,175.25,1,494,4501,1642,36.48
S000021_S5041Nr49,14.52 seconds,2.0.0-beta.3,hg38,BWA,189.27,122.00,233.37,1,1263,4501,292,6.49
S000021_S6113Nr32,16.47 seconds,2.0.0-beta.3,hg38,BWA,365.77,224.00,409.01,1,1743,4501,224,4.98
10814_S23,8.96 seconds,2.0.0-beta.3,hg38,BWA,139.31,8.00,185.71,1,531,4501,1750,38.88
10972_S65,11.16 seconds,2.0.0-beta.3,hg38,BWA,111.14,7.00,142.30,1,370,4501,1779,39.52
11239_S44,9.84 seconds,2.0.0-beta.3,hg38,BWA,98.75,6.00,137.28,0,413,4501,1548,34.39
10991_S70,12.89 seconds,2.0.0-beta.3,hg38,BWA,161.95,7.00,224.15,1,596,4501,1420,31.55
S000021_S5041Nr77,17.20 seconds,2.0.0-beta.3,hg38,BWA,481.17,260.00,630.62,1,3218,4501,184,4.09
10851_S32,9.73 seconds,2.0.0-beta.3,hg38,BWA,120.77,8.00,167.62,1,473,4501,1393,30.95
28179_S16,8.08 seconds,2.0.0-beta.3,hg38,BWA,47.15,7.00,64.52,0,202,4501,1094,24.31
S000021_S2973Nr3,17.47 seconds,2.0.0-beta.3,hg38,BWA,653.94,339.00,919.06,1,4683,4501,191,4.24
S000021_S5041Nr73,15.30 seconds,2.0.0-beta.3,hg38,BWA,238.63,127.00,322.17,1,1789,4501,212,4.71
10924_S29,10.14 seconds,2.0.0-beta.3,hg38,BWA,90.91,18.00,119.20,0,325,4501,1034,22.97
S000021_S14166Nr1,13.42 seconds,2.0.0-beta.3,hg38,BWA,86.44,71.00,81.32,1,387,4501,439,9.75
S000021_S7518Nr8,15.82 seconds,2.0.0-beta.3,hg38,BWA,442.17,260.00,550.28,1,2748,4501,250,5.55
S000021_S13821Nr3,13.43 seconds,2.0.0-beta.3,hg38,BWA,159.16,105.00,189.45,1,1024,4501,332,7.38
S000021_S7869Nr1,14.06 seconds,2.0.0-beta.3,hg38,BWA,471.99,264.00,627.28,1,3172,4501,224,4.98
S000021_S14653Nr5,10.66 seconds,2.0.0-beta.3,hg38,BWA,134.52,68.00,184.23,1,913,4501,495,11.00
10022_S13,7.77 seconds,2.0.0-beta.3,hg38,BWA,89.84,8.00,115.17,1,314,4501,1696,37.68
S000021_S11750Nr1,12.19 seconds,2.0.0-beta.3,hg38,BWA,136.41,93.00,150.55,1,784,4501,368,8.18
S000021_S6716Nr16,28.41 seconds,2.0.0-beta.3,hg38,BWA,301.67,149.00,406.62,1,2106,4501,285,6.33
S000021_S6113Nr36,32.50 seconds,2.0.0-beta.3,hg38,BWA,284.84,168.00,362.85,1,1920,4501,248,5.51
S000021_S7387Nr1,43.41 seconds,2.0.0-beta.3,hg38,BWA,275.03,171.00,353.03,1,1756,4501,278,6.18
S000021_S8811Nr1,15.52 seconds,2.0.0-beta.3,hg38,BWA,234.22,149.00,285.53,1,1629,4501,236,5.24
S000021_S5041Nr50,17.26 seconds,2.0.0-beta.3,hg38,BWA,156.69,116.00,149.35,1,687,4501,237,5.27
S000021_S6265Nr24,14.56 seconds,2.0.0-beta.3,hg38,BWA,210.67,111.00,284.33,1,1543,4501,244,5.42
S000021_S6265Nr54,50.62 seconds,2.0.0-beta.3,hg38,BWA,115.86,94.00,99.99,1,435,4501,324,7.20
S000021_S9786Nr25,13.67 seconds,2.0.0-beta.3,hg38,BWA,186.36,97.00,256.24,1,1422,4501,238,5.29
S000021_S9140Nr1,14.76 seconds,2.0.0-beta.3,hg38,BWA,111.43,88.00,103.62,1,474,4501,327,7.27
S000021_S5489Nr1,14.96 seconds,2.0.0-beta.3,hg38,BWA,207.27,156.00,200.87,1,888,4501,227,5.04
S000021_S3518Nr1,15.95 seconds,2.0.0-beta.3,hg38,BWA,358.45,149.00,501.30,1,2258,4501,189,4.20
S000021_S3050Nr1,14.85 seconds,2.0.0-beta.3,hg38,BWA,386.47,282.00,419.27,1,1929,4501,205,4.55
S000021_S6113Nr67,15.90 seconds,2.0.0-beta.3,hg38,BWA,202.86,174.50,182.06,1,826,4501,309,6.87
S000021_S15013Nr5,17.32 seconds,2.0.0-beta.3,hg38,BWA,134.56,86.00,172.12,1,817,4501,283,6.29
S000021_S6716Nr18,16.53 seconds,2.0.0-beta.3,hg38,BWA,195.41,138.00,212.28,1,996,4501,296,6.58
S000021_S14702Nr1,10.62 seconds,2.0.0-beta.3,hg38,BWA,102.99,66.00,124.66,1,555,4501,429,9.53
S000021_S6113Nr5,27.64 seconds,2.0.0-beta.3,hg38,BWA,215.15,125.00,282.11,1,1536,4501,261,5.80
S000021_S8967Nr6,13.50 seconds,2.0.0-beta.3,hg38,BWA,165.46,136.00,144.66,1,716,4501,290,6.44
S000021_S6716Nr45,14.73 seconds,2.0.0-beta.3,hg38,BWA,250.70,186.00,262.25,1,1278,4501,288,6.40
S000021_S12007Nr4,12.48 seconds,2.0.0-beta.3,hg38,BWA,131.20,88.00,159.09,1,866,4501,349,7.75
S000021_S5041Nr11,19.30 seconds,2.0.0-beta.3,hg38,BWA,161.10,96.00,203.36,1,1081,4501,271,6.02
S000021_S6113Nr35,22.64 seconds,2.0.0-beta.3,hg38,BWA,519.07,316.00,650.41,1,3407,4501,244,5.42
8151_S96,9.82 seconds,2.0.0-beta.3,hg38,BWA,85.77,9.00,111.98,1,333,4501,1580,35.10
S000021_S6113Nr30,14.47 seconds,2.0.0-beta.3,hg38,BWA,184.44,128.00,181.44,1,794,4501,286,6.35
S000021_S10757Nr2,12.17 seconds,2.0.0-beta.3,hg38,BWA,93.40,75.00,88.75,1,450,4501,378,8.40
8179_S57,6.46 seconds,2.0.0-beta.3,hg38,BWA,99.14,8.00,127.21,1,382,4501,1906,42.35
S000021_S9786Nr26,14.41 seconds,2.0.0-beta.3,hg38,BWA,159.09,115.50,178.53,1,1020,4501,273,6.07
S000021_S6804Nr1,16.57 seconds,2.0.0-beta.3,hg38,BWA,210.77,166.00,198.47,1,918,4501,238,5.29
S000021_S6113Nr11,24.47 seconds,2.0.0-beta.3,hg38,BWA,172.21,134.00,168.43,1,805,4501,265,5.89
10359_S32,8.34 seconds,2.0.0-beta.3,hg38,BWA,78.66,15.00,114.10,1,333,4501,888,19.73
10958_S66,5.87 seconds,2.0.0-beta.3,hg38,BWA,53.09,38.00,49.65,1,132,4501,2523,56.05
11047_S93,8.69 seconds,2.0.0-beta.3,hg38,BWA,77.80,16.50,94.63,1,266,4501,1823,40.50
10942_S81,6.74 seconds,2.0.0-beta.3,hg38,BWA,57.65,5.00,75.48,1,215,4501,1480,32.88
8197_S60,9.12 seconds,2.0.0-beta.3,hg38,BWA,101.22,8.00,155.70,1,469,4501,1041,23.13
S000021_S6265Nr43,55.78 seconds,2.0.0-beta.3,hg38,BWA,245.63,152.00,306.91,1,1677,4501,246,5.47
S000021_S9786Nr24,15.19 seconds,2.0.0-beta.3,hg38,BWA,158.57,104.00,186.38,1,1032,4501,290,6.44
S000021_S4078Nr2,16.91 seconds,2.0.0-beta.3,hg38,BWA,196.13,149.00,201.14,1,873,4501,311,6.91
S000021_S12928Nr1,12.69 seconds,2.0.0-beta.3,hg38,BWA,100.59,92.00,83.11,1,401,4501,382,8.49
10803_S27,10.92 seconds,2.0.0-beta.3,hg38,BWA,126.33,17.00,176.68,0,512,4501,929,20.64
11055_S82,6.27 seconds,2.0.0-beta.3,hg38,BWA,71.72,15.00,80.30,0,218,4501,2138,47.50
S000021_S14411Nr3,16.91 seconds,2.0.0-beta.3,hg38,BWA,157.05,75.00,224.63,1,1253,4501,312,6.93
S000021_S6265Nr25,15.52 seconds,2.0.0-beta.3,hg38,BWA,224.59,130.00,294.11,1,1555,4501,211,4.69
S000021_S7698Nr1,14.20 seconds,2.0.0-beta.3,hg38,BWA,235.15,173.00,268.03,1,1419,4501,255,5.67
10656_S35,7.25 seconds,2.0.0-beta.3,hg38,BWA,91.45,7.00,122.76,1,327,4501,1627,36.15
10841_S19,9.13 seconds,2.0.0-beta.3,hg38,BWA,104.04,6.00,149.99,1,437,4501,1252,27.82
S000021_S6113Nr16,24.91 seconds,2.0.0-beta.3,hg38,BWA,160.04,77.00,190.81,1,919,4501,266,5.91
S000021_S14034Nr2,14.70 seconds,2.0.0-beta.3,hg38,BWA,208.74,99.00,314.16,0,1614,4501,249,5.53
S000021_S6113Nr48,14.74 seconds,2.0.0-beta.3,hg38,BWA,193.45,151.50,185.92,1,927,4501,325,7.22
S000021_S10659Nr2,10.96 seconds,2.0.0-beta.3,hg38,BWA,103.79,74.00,111.37,1,617,4501,327,7.27
S000021_S11353Nr4,11.11 seconds,2.0.0-beta.3,hg38,BWA,122.54,81.00,141.22,1,775,4501,425,9.44
S000021_S6265Nr42,46.31 seconds,2.0.0-beta.3,hg38,BWA,153.28,95.00,193.62,1,1065,4501,303,6.73
S000021_S9089Nr6,14.54 seconds,2.0.0-beta.3,hg38,BWA,453.12,324.00,545.21,1,3010,4501,168,3.73
S000021_S5041Nr36,18.11 seconds,2.0.0-beta.3,hg38,BWA,251.81,122.00,364.34,1,1927,4501,229,5.09
S000021_S5041Nr47,18.47 seconds,2.0.0-beta.3,hg38,BWA,240.47,104.00,362.38,1,1891,4501,218,4.84
11044_S76,9.84 seconds,2.0.0-beta.3,hg38,BWA,115.66,9.00,156.67,1,431,4501,1374,30.53
10648_S81,8.25 seconds,2.0.0-beta.3,hg38,BWA,83.40,10.00,101.23,0,274,4501,1963,43.61
S000021_S14937Nr1,12.14 seconds,2.0.0-beta.3,hg38,BWA,134.01,86.00,159.32,1,756,4501,532,11.82
S000021_S7869Nr4,30.90 seconds,2.0.0-beta.3,hg38,BWA,252.90,111.00,377.32,1,1945,4501,270,6.00
S000021_S3390Nr1,18.23 seconds,2.0.0-beta.3,hg38,BWA,227.38,158.00,267.66,1,1314,4501,257,5.71
S000021_S10158Nr1,14.84 seconds,2.0.0-beta.3,hg38,BWA,138.25,71.00,185.30,0,999,4501,370,8.22
10434_S67,8.13 seconds,2.0.0-beta.3,hg38,BWA,84.42,5.00,123.88,1,366,4501,1287,28.59
S000021_S5847Nr1,17.09 seconds,2.0.0-beta.3,hg38,BWA,523.57,270.00,743.38,1,4006,4501,260,5.78
S000021_S5041Nr4,18.92 seconds,2.0.0-beta.3,hg38,BWA,253.68,125.00,367.45,1,1958,4501,269,5.98
S000021_S6113Nr6,35.69 seconds,2.0.0-beta.3,hg38,BWA,198.08,103.00,287.21,1,1565,4501,282,6.27
S000021_S3491Nr2,35.96 seconds,2.0.0-beta.3,hg38,BWA,566.24,316.00,726.52,1,3558,4501,130,2.89
S000021_S12160Nr1,13.40 seconds,2.0.0-beta.3,hg38,BWA,153.02,74.00,210.33,1,1074,4501,337,7.49
S000021_S7099Nr4,13.12 seconds,2.0.0-beta.3,hg38,BWA,144.48,113.50,141.51,1,720,4501,311,6.91
S000021_S6265Nr40,15.66 seconds,2.0.0-beta.3,hg38,BWA,308.81,183.00,382.15,1,1868,4501,197,4.38
S000021_S6265Nr46,68.89 seconds,2.0.0-beta.3,hg38,BWA,260.23,164.00,338.73,1,1856,4501,247,5.49
S000021_S6265Nr53,33.18 seconds,2.0.0-beta.3,hg38,BWA,179.20,134.00,178.87,1,740,4501,207,4.60
S000021_S9786Nr13,13.45 seconds,2.0.0-beta.3,hg38,BWA,130.02,115.00,111.17,1,510,4501,340,7.55
10960_S67,12.36 seconds,2.0.0-beta.3,hg38,BWA,158.26,10.00,205.27,1,567,4501,1556,34.57
S000021_S9786Nr12,13.81 seconds,2.0.0-beta.3,hg38,BWA,218.56,132.00,269.17,0,1424,4501,203,4.51
S000021_S6265Nr3,19.71 seconds,2.0.0-beta.3,hg38,BWA,192.04,119.00,238.05,1,1276,4501,295,6.55
S000021_S6716Nr55,18.36 seconds,2.0.0-beta.3,hg38,BWA,447.25,274.00,568.67,1,2854,4501,210,4.67
S000021_S10522Nr1,15.56 seconds,2.0.0-beta.3,hg38,BWA,107.41,88.00,100.40,1,462,4501,356,7.91
11238_S48,7.90 seconds,2.0.0-beta.3,hg38,BWA,82.41,7.00,110.87,1,329,4501,1618,35.95
10967_S66,9.22 seconds,2.0.0-beta.3,hg38,BWA,64.33,8.00,82.22,1,237,4501,1501,33.35
S000021_S5041Nr60,14.55 seconds,2.0.0-beta.3,hg38,BWA,152.48,86.00,183.34,1,898,4501,244,5.42
S000021_S6716Nr63,15.30 seconds,2.0.0-beta.3,hg38,BWA,309.00,190.00,372.44,1,1865,4501,299,6.64
S000021_S7518Nr3,16.02 seconds,2.0.0-beta.3,hg38,BWA,509.72,300.50,654.25,1,3360,4501,247,5.49
S000021_S6716Nr2,57.26 seconds,2.0.0-beta.3,hg38,BWA,205.49,138.00,222.73,1,1085,4501,255,5.67
S000021_S5041Nr10,22.01 seconds,2.0.0-beta.3,hg38,BWA,360.68,172.00,537.17,1,2845,4501,181,4.02
11087_S83,7.96 seconds,2.0.0-beta.3,hg38,BWA,118.12,7.00,157.83,1,433,4501,1717,38.15
S000021_S5041Nr14,17.49 seconds,2.0.0-beta.3,hg38,BWA,193.79,112.00,251.71,1,1366,4501,269,5.98
8123_S63,7.83 seconds,2.0.0-beta.3,hg38,BWA,64.84,8.00,89.91,0,247,4501,1137,25.26
S000021_S14276Nr3,20.40 seconds,2.0.0-beta.3,hg38,BWA,96.60,69.00,99.57,1,461,4501,409,9.09
S000021_S10048Nr2,14.00 seconds,2.0.0-beta.3,hg38,BWA,165.99,81.00,212.71,1,1041,4501,246,5.47
S000021_S14805Nr1,14.15 seconds,2.0.0-beta.3,hg38,BWA,130.51,84.00,158.40,1,783,4501,356,7.91
S000021_S6113Nr14,20.50 seconds,2.0.0-beta.3,hg38,BWA,127.07,106.00,116.97,1,562,4501,312,6.93
S000021_S6265Nr21,15.70 seconds,2.0.0-beta.3,hg38,BWA,245.54,162.00,302.84,1,1732,4501,253,5.62
10201_S64,6.99 seconds,2.0.0-beta.3,hg38,BWA,74.74,11.00,91.59,1,251,4501,1778,39.50
S000021_S6716Nr20,14.47 seconds,2.0.0-beta.3,hg38,BWA,296.85,150.00,402.14,1,2160,4501,257,5.71
S000021_S6265Nr15,15.01 seconds,2.0.0-beta.3,hg38,BWA,189.42,104.00,251.98,1,1422,4501,314,6.98
S000021_S6113Nr69,19.07 seconds,2.0.0-beta.3,hg38,BWA,308.78,218.00,314.58,1,1487,4501,279,6.20
S000021_S6113Nr42,16.34 seconds,2.0.0-beta.3,hg38,BWA,273.63,177.00,339.45,1,1928,4501,292,6.49
S000021_S3673Nr6,14.67 seconds,2.0.0-beta.3,hg38,BWA,338.69,197.00,416.36,1,2170,4501,240,5.33
S000021_S9736Nr3,13.07 seconds,2.0.0-beta.3,hg38,BWA,132.47,89.00,156.59,1,876,4501,230,5.11
10469_S39,7.64 seconds,2.0.0-beta.3,hg38,BWA,150.69,48.50,161.94,1,463,4501,2385,52.99
10496_S1,8.68 seconds,2.0.0-beta.3,hg38,BWA,94.24,8.00,128.88,1,358,4501,1463,32.50
10633_S82,7.95 seconds,2.0.0-beta.3,hg38,BWA,86.70,5.00,116.82,1,318,4501,1501,33.35
S000021_S5328Nr5,15.79 seconds,2.0.0-beta.3,hg38,BWA,276.65,160.00,355.25,1,1926,4501,204,4.53
10626_S68,6.37 seconds,2.0.0-beta.3,hg38,BWA,67.46,28.50,71.34,1,197,4501,2315,51.43
S000021_S5344Nr1,16.66 seconds,2.0.0-beta.3,hg38,BWA,265.27,171.00,323.26,1,1643,4501,224,4.98
S000021_S15423Nr2,11.43 seconds,2.0.0-beta.3,hg38,BWA,87.99,57.00,92.77,1,430,4501,510,11.33
S000021_S10757Nr6,11.32 seconds,2.0.0-beta.3,hg38,BWA,103.50,79.00,104.71,1,483,4501,388,8.62
S000021_S11797Nr1,10.51 seconds,2.0.0-beta.3,hg38,BWA,86.62,71.00,72.47,1,347,4501,441,9.80
S000021_S15178Nr1,13.90 seconds,2.0.0-beta.3,hg38,BWA,114.81,81.00,129.66,1,648,4501,416,9.24
S000021_S9349Nr8,13.42 seconds,2.0.0-beta.3,hg38,BWA,235.18,178.00,236.41,1,1036,4501,303,6.73
10491_S4,7.75 seconds,2.0.0-beta.3,hg38,BWA,42.76,7.00,57.62,1,203,4501,1611,35.79
10861_S43,9.03 seconds,2.0.0-beta.3,hg38,BWA,124.35,7.00,171.33,1,513,4501,1482,32.93
S000021_S11890Nr7,10.48 seconds,2.0.0-beta.3,hg38,BWA,98.63,88.00,86.02,1,418,4501,387,8.60
S000021_S14142Nr1,15.10 seconds,2.0.0-beta.3,hg38,BWA,127.09,89.00,150.42,1,800,4501,431,9.58
S000021_S6265Nr7,16.24 seconds,2.0.0-beta.3,hg38,BWA,284.57,189.00,339.01,1,1784,4501,254,5.64
10921_S77,8.05 seconds,2.0.0-beta.3,hg38,BWA,65.12,8.00,84.30,0,247,4501,1607,35.70
10965_S58,9.73 seconds,2.0.0-beta.3,hg38,BWA,55.29,6.00,75.08,1,206,4501,1238,27.50
S000021_S10659Nr3,11.41 seconds,2.0.0-beta.3,hg38,BWA,97.53,89.00,82.77,1,425,4501,460,10.22
S000021_S6265Nr23,15.56 seconds,2.0.0-beta.3,hg38,BWA,245.23,161.00,301.74,1,1623,4501,277,6.15
S000021_S11750Nr4,12.04 seconds,2.0.0-beta.3,hg38,BWA,105.28,75.00,119.78,1,661,4501,324,7.20
10664_S22,6.20 seconds,2.0.0-beta.3,hg38,BWA,64.22,4.00,82.31,1,244,4501,1793,39.84
S000021_S7518Nr7,14.65 seconds,2.0.0-beta.3,hg38,BWA,428.42,260.00,532.43,1,2749,4501,231,5.13
S000021_S11890Nr6,12.62 seconds,2.0.0-beta.3,hg38,BWA,139.72,80.00,163.32,1,821,4501,322,7.15
S000021_S6265Nr12,15.36 seconds,2.0.0-beta.3,hg38,BWA,199.18,128.00,243.60,1,1320,4501,296,6.58
S000021_S6716Nr35,18.38 seconds,2.0.0-beta.3,hg38,BWA,597.81,371.00,755.45,1,4002,4501,197,4.38
S000021_S6113Nr68,15.22 seconds,2.0.0-beta.3,hg38,BWA,229.87,183.00,212.12,1,953,4501,266,5.91
S000021_S5041Nr57,18.20 seconds,2.0.0-beta.3,hg38,BWA,132.10,100.00,123.57,1,616,4501,302,6.71
10842_S9,8.86 seconds,2.0.0-beta.3,hg38,BWA,135.77,17.00,165.50,0,452,4501,2014,44.75
S000021_S5096Nr1,25.74 seconds,2.0.0-beta.3,hg38,BWA,368.10,213.50,466.00,1,2441,4501,165,3.67
S000021_S8179Nr1,15.20 seconds,2.0.0-beta.3,hg38,BWA,224.74,194.00,202.18,1,985,4501,306,6.80
S000021_S9791Nr3,18.41 seconds,2.0.0-beta.3,hg38,BWA,118.55,100.00,108.17,1,550,4501,289,6.42
11031_S96,5.68 seconds,2.0.0-beta.3,hg38,BWA,20.01,11.00,19.46,1,63,4501,2414,53.63
28131_S41,5.89 seconds,2.0.0-beta.3,hg38,BWA,50.25,8.50,61.37,1,177,4501,1823,40.50
S000021_S6716Nr1,21.27 seconds,2.0.0-beta.3,hg38,BWA,283.45,209.00,311.99,1,1608,4501,225,5.00
S000021_S10233Nr3,12.59 seconds,2.0.0-beta.3,hg38,BWA,109.57,99.00,90.24,1,415,4501,371,8.24
10864_S59,9.62 seconds,2.0.0-beta.3,hg38,BWA,191.44,22.00,244.98,1,688,4501,1908,42.39
S000021_S13821Nr2,15.36 seconds,2.0.0-beta.3,hg38,BWA,157.79,100.00,184.08,0,1015,4501,318,7.07
S000021_S6315Nr3,14.20 seconds,2.0.0-beta.3,hg38,BWA,182.11,106.00,217.87,1,997,4501,245,5.44
S000021_S5041Nr29,16.88 seconds,2.0.0-beta.3,hg38,BWA,193.04,119.00,237.64,1,1292,4501,244,5.42
S000021_S15238Nr2,12.56 seconds,2.0.0-beta.3,hg38,BWA,175.04,67.00,249.24,1,1093,4501,357,7.93
S000021_S6315Nr2,14.07 seconds,2.0.0-beta.3,hg38,BWA,219.15,115.00,310.98,1,1709,4501,248,5.51
S000021_S6113Nr7,43.77 seconds,2.0.0-beta.3,hg38,BWA,178.91,127.00,190.86,1,928,4501,284,6.31
S000021_S6265Nr33,78.30 seconds,2.0.0-beta.3,hg38,BWA,153.68,70.00,231.03,1,1337,4501,274,6.09
S000021_S11890Nr4,120.62 seconds,2.0.0-beta.3,hg38,BWA,115.22,92.00,110.04,1,539,4501,417,9.26
S000021_S6265Nr47,16.67 seconds,2.0.0-beta.3,hg38,BWA,312.76,142.00,377.85,1,1922,4501,222,4.93
10665_S34,6.33 seconds,2.0.0-beta.3,hg38,BWA,64.79,4.00,88.26,1,275,4501,1632,36.26
S000021_S6716Nr37,16.86 seconds,2.0.0-beta.3,hg38,BWA,366.68,293.00,336.14,1,1566,4501,200,4.44
S000021_S5041Nr48,17.73 seconds,2.0.0-beta.3,hg38,BWA,198.05,102.00,265.92,1,1473,4501,306,6.80
10392_S62,7.84 seconds,2.0.0-beta.3,hg38,BWA,86.51,8.00,108.82,1,289,4501,1870,41.55
S000021_S14460Nr1,9.93 seconds,2.0.0-beta.3,hg38,BWA,96.12,83.00,82.81,1,339,4501,465,10.33
S000021_S7013Nr1,12.96 seconds,2.0.0-beta.3,hg38,BWA,204.50,149.00,200.68,1,941,4501,341,7.58
10493_S2,7.71 seconds,2.0.0-beta.3,hg38,BWA,39.31,8.00,51.22,1,165,4501,1039,23.08
28151_S80,6.66 seconds,2.0.0-beta.3,hg38,BWA,60.48,7.00,76.63,1,223,4501,1719,38.19
11268_S67,7.69 seconds,2.0.0-beta.3,hg38,BWA,104.58,18.00,130.42,1,371,4501,1880,41.77
S000021_S12577Nr1,16.91 seconds,2.0.0-beta.3,hg38,BWA,119.83,83.00,140.18,1,800,4501,309,6.87
S000021_S9457Nr200,16.10 seconds,2.0.0-beta.3,hg38,BWA,131.48,94.00,152.05,1,879,4501,359,7.98
S000021_S7099Nr5,14.30 seconds,2.0.0-beta.3,hg38,BWA,304.00,143.00,442.66,1,2341,4501,271,6.02
S000021_S15013Nr4,14.80 seconds,2.0.0-beta.3,hg38,BWA,133.71,86.00,162.40,1,833,4501,384,8.53
S000021_S9786Nr28,13.43 seconds,2.0.0-beta.3,hg38,BWA,135.60,105.00,142.54,1,771,4501,223,4.95
S000021_S6265Nr8,16.94 seconds,2.0.0-beta.3,hg38,BWA,308.66,157.00,434.67,1,2287,4501,269,5.98
10296_S77,7.89 seconds,2.0.0-beta.3,hg38,BWA,58.60,10.00,82.46,1,240,4501,1069,23.75
S000021_S14653Nr1,9.91 seconds,2.0.0-beta.3,hg38,BWA,88.95,70.00,89.52,1,407,4501,373,8.29
S000021_S6265Nr48,17.39 seconds,2.0.0-beta.3,hg38,BWA,448.74,212.00,600.40,1,2964,4501,225,5.00
10309_S33,8.82 seconds,2.0.0-beta.3,hg38,BWA,94.61,7.00,129.17,1,353,4501,1424,31.64
S000021_S3673Nr2,14.55 seconds,2.0.0-beta.3,hg38,BWA,304.27,199.00,317.71,1,1555,4501,232,5.15
S000021_S6113Nr59,53.57 seconds,2.0.0-beta.3,hg38,BWA,226.36,116.00,308.62,1,1693,4501,292,6.49
10811_S24,8.50 seconds,2.0.0-beta.3,hg38,BWA,95.53,11.00,124.72,1,396,4501,1677,37.26
S000021_S7099Nr1,19.14 seconds,2.0.0-beta.3,hg38,BWA,266.23,128.00,409.79,1,2334,4501,315,7.00
S000021_S6113Nr65,21.97 seconds,2.0.0-beta.3,hg38,BWA,575.14,362.00,714.26,1,3716,4501,237,5.27
10308_S59,10.00 seconds,2.0.0-beta.3,hg38,BWA,69.05,12.00,91.33,0,266,4501,1298,28.84
S000021_S5328Nr3,15.65 seconds,2.0.0-beta.3,hg38,BWA,255.52,212.00,243.07,1,1166,4501,231,5.13
S000021_S9786Nr6,13.79 seconds,2.0.0-beta.3,hg38,BWA,159.99,91.00,184.25,1,896,4501,257,5.71
S000021_S12577Nr2,11.58 seconds,2.0.0-beta.3,hg38,BWA,120.45,85.00,137.68,1,794,4501,317,7.04
11065_S70,8.37 seconds,2.0.0-beta.3,hg38,BWA,116.22,42.00,127.38,1,337,4501,2332,51.81
S000021_S5041Nr38,20.00 seconds,2.0.0-beta.3,hg38,BWA,223.65,140.00,280.06,0,1553,4501,262,5.82
S000021_S6113Nr39,79.03 seconds,2.0.0-beta.3,hg38,BWA,403.85,197.50,531.63,1,2733,4501,227,5.04
S000021_S7518Nr2,14.10 seconds,2.0.0-beta.3,hg38,BWA,421.31,230.00,537.83,1,2865,4501,194,4.31
11021_S48,9.24 seconds,2.0.0-beta.3,hg38,BWA,84.00,15.00,113.67,0,329,4501,1130,25.11
S000021_S6113Nr21,52.20 seconds,2.0.0-beta.3,hg38,BWA,223.54,136.00,292.14,1,1616,4501,232,5.15
S000021_S12225Nr1,422.81 seconds,2.0.0-beta.3,hg38,BWA,163.23,65.00,250.76,1,1330,4501,316,7.02
S000021_S5041Nr46,15.09 seconds,2.0.0-beta.3,hg38,BWA,142.46,114.00,135.73,1,645,4501,253,5.62
11006_S90,3.47 seconds,2.0.0-beta.3,hg38,BWA,5.62,5.50,3.49,1,13,4501,3221,71.56
S000021_S6716Nr58,17.74 seconds,2.0.0-beta.3,hg38,BWA,319.12,157.00,419.17,1,2210,4501,275,6.11
S000021_S10233Nr1,11.95 seconds,2.0.0-beta.3,hg38,BWA,168.99,81.00,216.73,1,1055,4501,315,7.00
28127_S22,9.11 seconds,2.0.0-beta.3,hg38,BWA,83.01,13.00,111.46,1,323,4501,1048,23.28
10262_S91,4.21 seconds,2.0.0-beta.3,hg38,BWA,162.84,176.00,116.17,1,372,4501,3175,70.54
S000021_S6113Nr55,19.20 seconds,2.0.0-beta.3,hg38,BWA,315.99,195.00,398.33,1,2142,4501,281,6.24
S000021_S12007Nr5,11.74 seconds,2.0.0-beta.3,hg38,BWA,97.96,90.00,81.22,1,374,4501,413,9.18
S000021_S15013Nr2,17.18 seconds,2.0.0-beta.3,hg38,BWA,100.70,89.00,87.23,1,407,4501,459,10.20
S000021_S5041Nr28,17.36 seconds,2.0.0-beta.3,hg38,BWA,204.11,125.00,242.11,1,1120,4501,244,5.42
S000021_S9901Nr1,18.38 seconds,2.0.0-beta.3,hg38,BWA,107.51,97.00,89.90,1,408,4501,391,8.69
S000021_S8967Nr7,13.59 seconds,2.0.0-beta.3,hg38,BWA,191.98,164.00,175.13,1,879,4501,243,5.40
S000021_S11310Nr7,11.98 seconds,2.0.0-beta.3,hg38,BWA,124.12,69.00,160.09,1,765,4501,267,5.93
S000021_S5041Nr58,18.06 seconds,2.0.0-beta.3,hg38,BWA,269.97,124.00,376.16,1,1901,4501,247,5.49
S000021_S6113Nr12,18.30 seconds,2.0.0-beta.3,hg38,BWA,132.34,112.00,118.70,1,594,4501,416,9.24
S000021_S6716Nr29,16.19 seconds,2.0.0-beta.3,hg38,BWA,383.38,214.00,499.75,1,2634,4501,220,4.89
S000021_S2973Nr5,17.55 seconds,2.0.0-beta.3,hg38,BWA,468.84,304.00,585.75,1,3161,4501,230,5.11
S000021_S6113Nr19,56.19 seconds,2.0.0-beta.3,hg38,BWA,210.39,141.00,226.71,1,944,4501,266,5.91
S000021_S6265Nr1,15.88 seconds,2.0.0-beta.3,hg38,BWA,278.61,147.00,380.02,1,2002,4501,273,6.07
S000021_S9349Nr1,14.65 seconds,2.0.0-beta.3,hg38,BWA,279.35,148.00,395.45,1,2134,4501,268,5.95
11015_S44,11.67 seconds,2.0.0-beta.3,hg38,BWA,163.49,16.00,239.86,1,693,4501,827,18.37
S000021_S15238Nr1,15.81 seconds,2.0.0-beta.3,hg38,BWA,110.49,73.00,126.50,1,627,4501,386,8.58
S000021_S5041Nr54,14.24 seconds,2.0.0-beta.3,hg38,BWA,157.90,95.00,193.61,1,1033,4501,253,5.62
10920_S22,11.08 seconds,2.0.0-beta.3,hg38,BWA,133.27,13.00,186.42,1,522,4501,1224,27.19
S000021_S9360Nr2,13.24 seconds,2.0.0-beta.3,hg38,BWA,305.22,157.00,443.68,1,2468,4501,297,6.60
S000021_S6113Nr20,23.71 seconds,2.0.0-beta.3,hg38,BWA,170.25,124.00,188.33,1,905,4501,282,6.27
S000021_S14460Nr2,10.55 seconds,2.0.0-beta.3,hg38,BWA,103.67,87.00,93.02,1,413,4501,485,10.78
S000021_S6113Nr72,17.21 seconds,2.0.0-beta.3,hg38,BWA,291.33,185.00,358.49,1,1948,4501,218,4.84
S000021_S10158Nr2,12.40 seconds,2.0.0-beta.3,hg38,BWA,75.92,74.00,62.22,1,314,4501,447,9.93
S000021_S11700Nr1,11.03 seconds,2.0.0-beta.3,hg38,BWA,113.82,96.00,105.78,1,461,4501,368,8.18
S000021_S9349Nr2,188.98 seconds,2.0.0-beta.3,hg38,BWA,177.61,150.00,174.67,1,859,4501,366,8.13
S000021_S11551Nr2,15.60 seconds,2.0.0-beta.3,hg38,BWA,118.80,82.00,137.98,1,749,4501,333,7.40
S000021_S12484Nr1,10.49 seconds,2.0.0-beta.3,hg38,BWA,97.07,88.00,85.46,1,437,4501,367,8.15
S000021_S14653Nr3,11.13 seconds,2.0.0-beta.3,hg38,BWA,88.00,74.00,82.78,1,379,4501,521,11.58
S000021_S5041Nr67,16.22 seconds,2.0.0-beta.3,hg38,BWA,212.92,105.00,307.26,1,1587,4501,248,5.51
S000021_S10570Nr1,11.09 seconds,2.0.0-beta.3,hg38,BWA,130.99,94.00,148.28,1,800,4501,303,6.73
10922_S40,9.66 seconds,2.0.0-beta.3,hg38,BWA,85.77,7.00,104.67,1,283,4501,1762,39.15
28187_S79,10.14 seconds,2.0.0-beta.3,hg38,BWA,67.99,12.00,81.88,0,245,4501,1596,35.46
S000021_S6513Nr2,18.16 seconds,2.0.0-beta.3,hg38,BWA,270.79,143.00,372.73,1,1999,4501,258,5.73
S000021_S5041Nr72,18.32 seconds,2.0.0-beta.3,hg38,BWA,199.14,122.00,253.07,1,1380,4501,233,5.18
S000021_S9786Nr5,13.44 seconds,2.0.0-beta.3,hg38,BWA,218.53,109.00,308.39,1,1728,4501,282,6.27
S000021_S9736Nr2,11.31 seconds,2.0.0-beta.3,hg38,BWA,133.56,93.00,159.05,1,962,4501,270,6.00
S000021_S6716Nr15,16.43 seconds,2.0.0-beta.3,hg38,BWA,132.89,109.00,117.51,1,574,4501,376,8.35
S000021_S9140Nr3,15.02 seconds,2.0.0-beta.3,hg38,BWA,147.15,77.00,190.64,1,1057,4501,403,8.95
10928_S82,8.36 seconds,2.0.0-beta.3,hg38,BWA,57.56,6.00,79.00,1,225,4501,1208,26.84
11009_S69,11.73 seconds,2.0.0-beta.3,hg38,BWA,162.27,10.00,214.48,0,560,4501,1452,32.26
28180_S15,9.26 seconds,2.0.0-beta.3,hg38,BWA,42.94,5.00,55.99,1,174,4501,1496,33.24
S000021_S6113Nr34,16.78 seconds,2.0.0-beta.3,hg38,BWA,386.51,234.00,489.16,1,2576,4501,268,5.95
S000021_S6265Nr22,17.26 seconds,2.0.0-beta.3,hg38,BWA,326.01,224.00,378.06,1,1875,4501,235,5.22
S000021_S13221Nr1,12.48 seconds,2.0.0-beta.3,hg38,BWA,101.68,73.00,103.85,1,520,4501,392,8.71
S000021_S5041Nr66,17.69 seconds,2.0.0-beta.3,hg38,BWA,156.11,126.00,148.10,1,690,4501,245,5.44
S000021_S6716Nr34,24.89 seconds,2.0.0-beta.3,hg38,BWA,859.00,447.00,1188.23,1,6086,4501,172,3.82
S000021_S9609Nr2,10.50 seconds,2.0.0-beta.3,hg38,BWA,103.27,79.00,99.57,1,469,4501,449,9.98
28138_S2,8.13 seconds,2.0.0-beta.3,hg38,BWA,126.71,10.00,167.65,1,462,4501,1718,38.17
28170_S9,6.32 seconds,2.0.0-beta.3,hg38,BWA,28.24,5.00,32.55,1,96,4501,1882,41.81
S000021_S15013Nr1,17.55 seconds,2.0.0-beta.3,hg38,BWA,107.96,81.00,118.46,1,581,4501,296,6.58
11040_S55,5.22 seconds,2.0.0-beta.3,hg38,BWA,11.86,10.00,9.06,1,36,4501,2781,61.79
S000021_S12358Nr1,12.19 seconds,2.0.0-beta.3,hg38,BWA,118.14,87.00,136.89,1,806,4501,390,8.66
S000021_S2997Nr3,17.19 seconds,2.0.0-beta.3,hg38,BWA,615.13,421.00,714.68,1,3590,4501,253,5.62
S000021_S5041Nr6,15.94 seconds,2.0.0-beta.3,hg38,BWA,135.64,98.00,147.41,1,702,4501,336,7.47
S000021_S11839Nr4,14.32 seconds,2.0.0-beta.3,hg38,BWA,128.45,87.00,144.98,1,706,4501,340,7.55
S000021_S8967Nr8,14.77 seconds,2.0.0-beta.3,hg38,BWA,249.47,185.00,271.88,1,1336,4501,202,4.49
S000021_S9786Nr21,13.83 seconds,2.0.0-beta.3,hg38,BWA,157.39,123.00,150.03,1,698,4501,260,5.78
S000021_S11700Nr2,12.63 seconds,2.0.0-beta.3,hg38,BWA,122.28,82.00,141.70,1,786,4501,347,7.71
S000021_S11901Nr1,12.70 seconds,2.0.0-beta.3,hg38,BWA,180.80,88.00,262.46,1,1476,4501,364,8.09
S000021_S5041Nr31,18.41 seconds,2.0.0-beta.3,hg38,BWA,148.61,116.50,142.41,0,692,4501,275,6.11
S000021_S9360Nr4,13.19 seconds,2.0.0-beta.3,hg38,BWA,308.42,189.00,399.32,1,1970,4501,291,6.47
10627_S31,8.08 seconds,2.0.0-beta.3,hg38,BWA,83.22,7.00,114.43,1,339,4501,1595,35.44
11076_S88,5.36 seconds,2.0.0-beta.3,hg38,BWA,16.97,15.00,14.32,1,46,4501,2814,62.52
S000021_S12815Nr4,11.81 seconds,2.0.0-beta.3,hg38,BWA,152.92,72.00,199.04,1,994,4501,281,6.24
S000021_S14435Nr3,11.37 seconds,2.0.0-beta.3,hg38,BWA,125.73,67.00,158.75,1,690,4501,458,10.18
S000021_S10296Nr2,13.32 seconds,2.0.0-beta.3,hg38,BWA,106.02,90.00,95.00,1,472,4501,307,6.82
S000021_S6113Nr9,27.25 seconds,2.0.0-beta.3,hg38,BWA,189.31,135.00,201.87,1,899,4501,331,7.35
8142_S52,7.68 seconds,2.0.0-beta.3,hg38,BWA,85.00,7.00,114.88,1,324,4501,1662,36.93
S000021_S7518Nr5,14.64 seconds,2.0.0-beta.3,hg38,BWA,258.01,202.00,250.07,1,1215,4501,316,7.02
S000021_S9786Nr1,15.43 seconds,2.0.0-beta.3,hg38,BWA,203.47,134.00,245.86,1,1405,4501,295,6.55
S000021_S13619Nr1,13.12 seconds,2.0.0-beta.3,hg38,BWA,192.63,115.00,241.99,1,1242,4501,252,5.60
S000021_S6716Nr8,17.51 seconds,2.0.0-beta.3,hg38,BWA,402.96,195.00,576.32,1,3050,4501,228,5.07
S000021_S13396Nr1,12.11 seconds,2.0.0-beta.3,hg38,BWA,159.80,81.00,223.24,1,1145,4501,296,6.58
S000021_S12225Nr3,14.73 seconds,2.0.0-beta.3,hg38,BWA,137.37,98.00,162.39,1,897,4501,298,6.62
S000021_S9609Nr5,14.87 seconds,2.0.0-beta.3,hg38,BWA,133.05,99.00,138.21,1,712,4501,447,9.93
10948_S62,11.23 seconds,2.0.0-beta.3,hg38,BWA,140.70,9.00,197.44,1,531,4501,1200,26.66
8193_S75,8.27 seconds,2.0.0-beta.3,hg38,BWA,96.87,5.00,129.03,1,364,4501,1755,38.99
S000021_S12887Nr1,12.85 seconds,2.0.0-beta.3,hg38,BWA,110.14,71.00,131.28,0,736,4501,333,7.40
S000021_S6265Nr5,15.80 seconds,2.0.0-beta.3,hg38,BWA,180.31,151.00,166.04,1,862,4501,294,6.53
S000021_S12225Nr4,105.69 seconds,2.0.0-beta.3,hg38,BWA,140.19,86.00,161.39,1,741,4501,364,8.09
8137_S64,8.05 seconds,2.0.0-beta.3,hg38,BWA,89.58,7.00,124.94,1,356,4501,1409,31.30
S000021_S6716Nr21,16.64 seconds,2.0.0-beta.3,hg38,BWA,461.60,280.00,592.98,1,3033,4501,266,5.91
S000021_S14411Nr1,11.31 seconds,2.0.0-beta.3,hg38,BWA,131.22,83.00,157.94,1,811,4501,410,9.11
S000021_S5041Nr22,14.55 seconds,2.0.0-beta.3,hg38,BWA,134.57,103.00,132.21,1,659,4501,298,6.62
S000021_S11890Nr1,11.57 seconds,2.0.0-beta.3,hg38,BWA,125.23,96.00,130.19,1,661,4501,385,8.55
S000021_S14702Nr4,9.29 seconds,2.0.0-beta.3,hg38,BWA,74.44,63.50,67.00,1,293,4501,487,10.82
S000021_S7977Nr5,13.10 seconds,2.0.0-beta.3,hg38,BWA,264.41,158.00,333.24,1,1703,4501,226,5.02
S000021_S9457Nr6,12.07 seconds,2.0.0-beta.3,hg38,BWA,147.85,100.00,177.53,1,983,4501,308,6.84
10265_S5,10.41 seconds,2.0.0-beta.3,hg38,BWA,74.36,10.00,102.28,1,310,4501,1242,27.59
S000021_S9609Nr4,10.79 seconds,2.0.0-beta.3,hg38,BWA,126.69,110.00,112.35,1,481,4501,420,9.33
S000021_S6716Nr26,19.27 seconds,2.0.0-beta.3,hg38,BWA,261.25,162.00,320.89,1,1684,4501,299,6.64
S000021_S8990Nr2,12.11 seconds,2.0.0-beta.3,hg38,BWA,136.19,120.00,117.40,0,582,4501,361,8.02
S000021_S6113Nr51,19.39 seconds,2.0.0-beta.3,hg38,BWA,300.17,187.00,385.16,1,2070,4501,239,5.31
S000021_S4296Nr5,13.11 seconds,2.0.0-beta.3,hg38,BWA,172.46,132.50,166.49,1,818,4501,281,6.24
S000021_S6265Nr14,20.62 seconds,2.0.0-beta.3,hg38,BWA,345.39,206.00,447.77,1,2410,4501,267,5.93
S000021_S11525Nr1,13.62 seconds,2.0.0-beta.3,hg38,BWA,105.19,84.50,98.57,1,486,4501,361,8.02
11191_S16,8.14 seconds,2.0.0-beta.3,hg38,BWA,142.66,6.00,202.46,1,572,4501,1530,33.99
10237_S25,8.05 seconds,2.0.0-beta.3,hg38,BWA,59.79,8.00,82.60,0,238,4501,1154,25.64
S000021_S3511Nr4,14.66 seconds,2.0.0-beta.3,hg38,BWA,350.66,191.00,443.53,1,2040,4501,230,5.11
S000021_S6113Nr2,16.34 seconds,2.0.0-beta.3,hg38,BWA,183.31,113.00,225.38,1,1194,4501,270,6.00
10940_S33,8.10 seconds,2.0.0-beta.3,hg38,BWA,71.77,9.00,91.98,1,261,4501,1587,35.26
11090_S17,7.45 seconds,2.0.0-beta.3,hg38,BWA,117.16,8.00,157.30,0,473,4501,1740,38.66
11025_S50,7.19 seconds,2.0.0-beta.3,hg38,BWA,40.22,7.00,49.04,1,134,4501,1798,39.95
S000021_S6203Nr1,14.09 seconds,2.0.0-beta.3,hg38,BWA,258.14,172.00,310.77,1,1679,4501,252,5.60
S000021_S8130Nr2,14.87 seconds,2.0.0-beta.3,hg38,BWA,272.31,173.00,347.90,1,1855,4501,263,5.84
S000021_S6265Nr17,14.77 seconds,2.0.0-beta.3,hg38,BWA,163.38,126.00,158.83,1,737,4501,308,6.84
11042_S75,9.14 seconds,2.0.0-beta.3,hg38,BWA,97.98,8.00,133.69,1,386,4501,1438,31.95
S000021_S6265Nr60,21.64 seconds,2.0.0-beta.3,hg38,BWA,233.24,147.00,285.57,1,1525,4501,270,6.00
S000021_S6716Nr7,17.98 seconds,2.0.0-beta.3,hg38,BWA,556.14,368.00,665.26,1,3376,4501,254,5.64
S000021_S12412Nr1,12.79 seconds,2.0.0-beta.3,hg38,BWA,103.38,76.00,113.02,1,604,4501,420,9.33
S000021_S3714Nr1,24.87 seconds,2.0.0-beta.3,hg38,BWA,309.46,200.00,333.11,1,1500,4501,158,3.51
S000021_S11525Nr3,12.23 seconds,2.0.0-beta.3,hg38,BWA,145.65,95.00,172.20,1,902,4501,339,7.53
S000021_S8990Nr4,14.28 seconds,2.0.0-beta.3,hg38,BWA,218.61,146.00,263.11,1,1406,4501,207,4.60
10975_S50,8.89 seconds,2.0.0-beta.3,hg38,BWA,128.49,7.00,162.79,1,431,4501,1975,43.88
S000021_S5041Nr40,15.37 seconds,2.0.0-beta.3,hg38,BWA,144.23,108.00,138.78,1,587,4501,326,7.24
S000021_S6716Nr48,13.43 seconds,2.0.0-beta.3,hg38,BWA,206.50,131.00,255.69,1,1416,4501,281,6.24
S000021_S8699Nr3,13.73 seconds,2.0.0-beta.3,hg38,BWA,139.06,97.00,152.24,1,845,4501,248,5.51
10653_S37,10.02 seconds,2.0.0-beta.3,hg38,BWA,93.85,7.00,122.77,1,331,4501,1698,37.72
S000021_S6265Nr27,22.03 seconds,2.0.0-beta.3,hg38,BWA,174.58,136.00,174.28,1,869,4501,280,6.22
S000021_S10158Nr5,17.82 seconds,2.0.0-beta.3,hg38,BWA,136.45,89.00,168.46,1,915,4501,312,6.93
S000021_S8912Nr3,14.58 seconds,2.0.0-beta.3,hg38,BWA,200.91,171.00,187.01,1,913,4501,294,6.53
S000021_S11716Nr1,17.00 seconds,2.0.0-beta.3,hg38,BWA,100.13,88.00,87.24,1,357,4501,322,7.15
S000021_S6116Nr2,17.20 seconds,2.0.0-beta.3,hg38,BWA,202.24,162.00,188.86,1,881,4501,298,6.62
S000021_S6716Nr12,25.69 seconds,2.0.0-beta.3,hg38,BWA,166.00,104.00,202.36,0,1072,4501,366,8.13
S000021_S6265Nr9,20.14 seconds,2.0.0-beta.3,hg38,BWA,275.07,121.00,419.03,1,2267,4501,217,4.82
11030_S52,6.17 seconds,2.0.0-beta.3,hg38,BWA,54.73,32.00,54.08,1,151,4501,2419,53.74
S000021_S5041Nr13,13.66 seconds,2.0.0-beta.3,hg38,BWA,144.82,110.50,142.67,1,673,4501,259,5.75
S000021_S6265Nr10,16.49 seconds,2.0.0-beta.3,hg38,BWA,199.81,150.00,199.45,1,1046,4501,294,6.53
S000021_S11551Nr1,13.91 seconds,2.0.0-beta.3,hg38,BWA,122.44,85.00,141.81,1,711,4501,272,6.04
S000021_S2973Nr6,19.67 seconds,2.0.0-beta.3,hg38,BWA,485.95,367.00,494.81,0,2090,4501,257,5.71
S000021_S10697Nr2,40.42 seconds,2.0.0-beta.3,hg38,BWA,118.53,91.00,113.93,1,483,4501,324,7.20
11053_S80,10.04 seconds,2.0.0-beta.3,hg38,BWA,127.25,7.00,181.81,0,495,4501,1322,29.37
S000021_S8990Nr3,14.23 seconds,2.0.0-beta.3,hg38,BWA,161.56,87.00,206.97,1,1156,4501,258,5.73
S000021_S6113Nr66,15.79 seconds,2.0.0-beta.3,hg38,BWA,349.71,153.00,483.32,1,2369,4501,222,4.93
S000021_S6265Nr30,38.38 seconds,2.0.0-beta.3,hg38,BWA,204.73,164.00,193.23,1,975,4501,334,7.42
S000021_S6716Nr13,65.58 seconds,2.0.0-beta.3,hg38,BWA,265.48,155.00,345.76,1,1779,4501,240,5.33
S000021_S6203Nr2,13.97 seconds,2.0.0-beta.3,hg38,BWA,205.61,163.00,204.18,0,1071,4501,273,6.07
S000021_S8811Nr3,14.88 seconds,2.0.0-beta.3,hg38,BWA,241.56,166.00,291.75,1,1720,4501,262,5.82
S000021_S5041Nr24,15.39 seconds,2.0.0-beta.3,hg38,BWA,103.19,88.00,91.52,1,456,4501,355,7.89
S000021_S9609Nr7,10.54 seconds,2.0.0-beta.3,hg38,BWA,164.09,89.00,221.24,1,1174,4501,397,8.82
S000021_S5041Nr25,18.61 seconds,2.0.0-beta.3,hg38,BWA,243.89,150.00,315.07,1,1692,4501,282,6.27
S000021_S11750Nr5,13.70 seconds,2.0.0-beta.3,hg38,BWA,105.12,75.00,116.86,1,660,4501,325,7.22
S000021_S5041Nr20,15.24 seconds,2.0.0-beta.3,hg38,BWA,133.60,98.00,136.29,1,595,4501,295,6.55
S000021_S5041Nr41,15.97 seconds,2.0.0-beta.3,hg38,BWA,196.39,92.00,293.05,1,1676,4501,253,5.62
S000021_S10296Nr5,11.58 seconds,2.0.0-beta.3,hg38,BWA,94.50,87.00,79.13,1,385,4501,353,7.84
S000021_S9178Nr1,14.75 seconds,2.0.0-beta.3,hg38,BWA,156.82,107.00,184.60,1,1021,4501,288,6.40
S000021_S13619Nr2,13.89 seconds,2.0.0-beta.3,hg38,BWA,188.97,96.00,268.96,1,1539,4501,232,5.15
10937_S1,9.46 seconds,2.0.0-beta.3,hg38,BWA,71.39,7.00,94.09,1,267,4501,1307,29.04
11046_S57,5.49 seconds,2.0.0-beta.3,hg38,BWA,37.24,17.00,38.11,1,107,4501,2324,51.63
S000021_S8967Nr4,14.26 seconds,2.0.0-beta.3,hg38,BWA,209.66,152.50,223.05,1,1159,4501,291,6.47
S000021_S6716Nr59,15.55 seconds,2.0.0-beta.3,hg38,BWA,299.59,150.00,423.72,1,2257,4501,222,4.93
10427_S51,8.56 seconds,2.0.0-beta.3,hg38,BWA,120.70,12.00,174.26,1,497,4501,1193,26.51
10955_S46,8.29 seconds,2.0.0-beta.3,hg38,BWA,142.05,26.00,171.62,1,463,4501,1976,43.90
S000021_S6113Nr1,18.72 seconds,2.0.0-beta.3,hg38,BWA,246.59,154.00,303.64,1,1619,4501,209,4.64
S000021_S6716Nr5,31.05 seconds,2.0.0-beta.3,hg38,BWA,189.81,128.50,229.41,1,1263,4501,281,6.24
10219_S66,9.86 seconds,2.0.0-beta.3,hg38,BWA,60.21,9.00,80.74,1,252,4501,1308,29.06
S000021_S6513Nr1,14.99 seconds,2.0.0-beta.3,hg38,BWA,247.87,129.00,339.76,1,1813,4501,200,4.44
S000021_S12484Nr2,10.54 seconds,2.0.0-beta.3,hg38,BWA,110.98,89.00,112.49,1,556,4501,285,6.33
S000021_S5041Nr18,16.74 seconds,2.0.0-beta.3,hg38,BWA,175.74,109.00,203.16,1,1027,4501,273,6.07
S000021_S8130Nr3,16.65 seconds,2.0.0-beta.3,hg38,BWA,524.69,281.00,730.73,1,3867,4501,213,4.73
S000021_S11525Nr2,14.02 seconds,2.0.0-beta.3,hg38,BWA,89.44,77.00,77.37,1,371,4501,337,7.49
S000021_S6113Nr50,16.96 seconds,2.0.0-beta.3,hg38,BWA,400.27,182.00,583.20,1,3197,4501,265,5.89
S000021_S6265Nr59,15.63 seconds,2.0.0-beta.3,hg38,BWA,315.54,264.00,275.90,1,1218,4501,274,6.09
S000021_S5041Nr21,19.12 seconds,2.0.0-beta.3,hg38,BWA,206.24,114.00,272.57,1,1262,4501,238,5.29
S000021_S6265Nr31,32.50 seconds,2.0.0-beta.3,hg38,BWA,186.43,120.00,229.64,1,1239,4501,277,6.15
S000021_S9349Nr5,14.65 seconds,2.0.0-beta.3,hg38,BWA,311.50,209.00,380.52,1,1989,4501,278,6.18
11023_S47,9.62 seconds,2.0.0-beta.3,hg38,BWA,66.24,14.00,85.22,0,246,4501,1268,28.17
S000021_S6716Nr43,14.85 seconds,2.0.0-beta.3,hg38,BWA,213.45,157.00,231.44,1,1153,4501,294,6.53
S000021_S7157Nr1,14.40 seconds,2.0.0-beta.3,hg38,BWA,115.80,89.00,108.39,1,539,4501,351,7.80
S000021_S5988Nr1,14.96 seconds,2.0.0-beta.3,hg38,BWA,302.37,190.00,373.41,1,1924,4501,222,4.93
S000021_S3673Nr5,17.51 seconds,2.0.0-beta.3,hg38,BWA,337.16,203.00,418.24,1,2086,4501,234,5.20
10650_S55,9.50 seconds,2.0.0-beta.3,hg38,BWA,78.10,7.00,107.52,1,307,4501,1375,30.55
S000021_S6265Nr13,16.47 seconds,2.0.0-beta.3,hg38,BWA,301.08,182.00,374.15,1,1963,4501,217,4.82
S000021_S11839Nr3,12.17 seconds,2.0.0-beta.3,hg38,BWA,112.86,65.00,139.62,1,744,4501,398,8.84
S000021_S6265Nr56,18.19 seconds,2.0.0-beta.3,hg38,BWA,193.52,150.00,202.02,1,1009,4501,295,6.55
S000021_S9140Nr4,15.35 seconds,2.0.0-beta.3,hg38,BWA,131.34,108.00,117.95,1,568,4501,374,8.31
11248_S94,9.41 seconds,2.0.0-beta.3,hg38,BWA,102.06,7.00,146.55,0,459,4501,1403,31.17
S000021_S8418Nr4,12.93 seconds,2.0.0-beta.3,hg38,BWA,222.03,161.00,264.30,1,1473,4501,268,5.95
S000021_S9786Nr4,13.76 seconds,2.0.0-beta.3,hg38,BWA,178.44,116.00,216.48,1,1129,4501,290,6.44
S000021_S8028Nr1,14.58 seconds,2.0.0-beta.3,hg38,BWA,366.16,159.00,552.34,1,3007,4501,285,6.33
S000021_S5041Nr70,14.85 seconds,2.0.0-beta.3,hg38,BWA,169.40,132.00,166.78,1,777,4501,261,5.80
S000021_S10757Nr3,11.34 seconds,2.0.0-beta.3,hg38,BWA,114.45,86.00,122.70,1,636,4501,347,7.71
11054_S81,12.19 seconds,2.0.0-beta.3,hg38,BWA,112.65,6.00,161.50,1,454,4501,1290,28.66
11085_S87,8.59 seconds,2.0.0-beta.3,hg38,BWA,127.83,12.00,167.05,1,474,4501,1746,38.79
S000021_S15423Nr1,15.31 seconds,2.0.0-beta.3,hg38,BWA,140.37,93.00,170.43,1,767,4501,420,9.33
S000021_S6203Nr3,19.56 seconds,2.0.0-beta.3,hg38,BWA,259.07,161.00,314.40,0,1690,4501,236,5.24
S000021_S10522Nr3,16.30 seconds,2.0.0-beta.3,hg38,BWA,69.97,63.00,54.69,1,281,4501,393,8.73
S000021_S6113Nr70,16.42 seconds,2.0.0-beta.3,hg38,BWA,377.92,194.00,561.55,1,3229,4501,170,3.78
S000021_S3491Nr1,98.06 seconds,2.0.0-beta.3,hg38,BWA,484.15,325.50,505.29,1,2339,4501,191,4.24
S000021_S9786Nr3,15.90 seconds,2.0.0-beta.3,hg38,BWA,175.79,111.00,218.10,1,1203,4501,235,5.22
10475_S94,11.05 seconds,2.0.0-beta.3,hg38,BWA,112.36,8.00,156.70,1,450,4501,1438,31.95
S000021_S5041Nr76,19.86 seconds,2.0.0-beta.3,hg38,BWA,461.55,260.00,603.05,0,3129,4501,190,4.22
11231_S73,19.10 seconds,2.0.0-beta.3,hg38,BWA,79.47,7.00,110.40,0,306,4501,1318,29.28
S000021_S14797Nr1,14.51 seconds,2.0.0-beta.3,hg38,BWA,155.54,92.00,201.66,1,962,4501,370,8.22
S000021_S5041Nr26,16.10 seconds,2.0.0-beta.3,hg38,BWA,160.91,121.00,162.85,1,839,4501,318,7.07
8182_S15,6.54 seconds,2.0.0-beta.3,hg38,BWA,109.58,43.00,115.16,1,303,4501,2399,53.30
10381_S40,6.24 seconds,2.0.0-beta.3,hg38,BWA,128.84,44.50,137.23,1,365,4501,2467,54.81
10686_S10,6.78 seconds,2.0.0-beta.3,hg38,BWA,105.48,66.50,104.36,1,305,4501,2597,57.70
S000021_S6113Nr15,33.89 seconds,2.0.0-beta.3,hg38,BWA,148.53,112.00,147.70,0,669,4501,303,6.73
S000021_S6716Nr61,16.26 seconds,2.0.0-beta.3,hg38,BWA,292.19,186.00,357.08,1,1933,4501,281,6.24
S000021_S5041Nr34,20.28 seconds,2.0.0-beta.3,hg38,BWA,239.27,141.00,299.34,1,1608,4501,226,5.02
S000021_S10296Nr3,16.10 seconds,2.0.0-beta.3,hg38,BWA,101.60,79.00,97.27,1,494,4501,361,8.02
10997_S33,8.52 seconds,2.0.0-beta.3,hg38,BWA,38.07,7.00,47.36,0,142,4501,1291,28.68
S000021_S6716Nr39,14.86 seconds,2.0.0-beta.3,hg38,BWA,333.29,160.00,489.73,1,2656,4501,216,4.80
11066_S86,5.55 seconds,2.0.0-beta.3,hg38,BWA,34.80,4.00,41.66,1,116,4501,1802,40.04
S000021_S7518Nr4,14.70 seconds,2.0.0-beta.3,hg38,BWA,399.53,244.00,505.06,1,2723,4501,221,4.91
S000021_S5041Nr7,18.73 seconds,2.0.0-beta.3,hg38,BWA,219.84,142.50,268.84,1,1433,4501,315,7.00
S000021_S5328Nr4,16.97 seconds,2.0.0-beta.3,hg38,BWA,323.66,188.00,416.88,1,2293,4501,159,3.53
11034_S54,5.66 seconds,2.0.0-beta.3,hg38,BWA,29.59,12.00,31.39,1,89,4501,2158,47.94
S000021_S6716Nr6,17.32 seconds,2.0.0-beta.3,hg38,BWA,381.17,185.00,552.73,1,2917,4501,191,4.24
S000021_S11068Nr4,12.46 seconds,2.0.0-beta.3,hg38,BWA,108.27,75.00,122.38,0,591,4501,312,6.93
S000021_S8967Nr11,13.89 seconds,2.0.0-beta.3,hg38,BWA,304.94,159.00,420.30,1,2212,4501,222,4.93
S000021_S9089Nr3,14.37 seconds,2.0.0-beta.3,hg38,BWA,253.60,135.00,347.70,0,1848,4501,302,6.71
S000021_S13396Nr2,11.12 seconds,2.0.0-beta.3,hg38,BWA,81.81,67.00,77.92,1,389,4501,357,7.93
S000021_S14702Nr2,11.05 seconds,2.0.0-beta.3,hg38,BWA,97.45,61.50,118.04,1,583,4501,337,7.49
11241_S30,8.52 seconds,2.0.0-beta.3,hg38,BWA,132.89,12.00,179.40,0,507,4501,1559,34.64
S000021_S6265Nr26,18.95 seconds,2.0.0-beta.3,hg38,BWA,535.39,266.00,772.75,1,4192,4501,259,5.75
S000021_S11310Nr3,13.75 seconds,2.0.0-beta.3,hg38,BWA,75.72,70.00,60.50,1,259,4501,344,7.64
10139_S69,6.85 seconds,2.0.0-beta.3,hg38,BWA,86.87,8.00,109.86,0,285,4501,1736,38.57
S000021_S10486Nr6,14.51 seconds,2.0.0-beta.3,hg38,BWA,131.54,81.00,160.57,1,872,4501,365,8.11
S000021_S9349Nr7,15.08 seconds,2.0.0-beta.3,hg38,BWA,288.00,153.00,397.65,1,2113,4501,296,6.58
S000021_S4296Nr4,15.40 seconds,2.0.0-beta.3,hg38,BWA,241.76,140.00,312.95,1,1640,4501,246,5.47
10218_S78,7.23 seconds,2.0.0-beta.3,hg38,BWA,70.81,15.00,83.98,1,220,4501,1835,40.77
